uniport_id,seq,drug_id,smile,labels,flag,mutation,affint_type
2IKI,ASRILLNNGAKMPILGLGTWKSPPGQVTEAVKVAIDVGYRHIDCAHVYQNENEVGVAIQEKLREQVVKREELFIVSKLWCTYHEKGLVKGACQKTLSDLKLDYLDLYLIHWPTGFKPGKEFFPLDESGNVVPSDTNILDTWAAMEELVDEGLVKAIGISNFNHLQVEMILNKPGLKYKPAVNQIECHPYLTQEKLIQYCQSKGIVVTAYSPLGSPDRPWAKPEDPSLLEDPRIKAIAAKHNKTTAQVLIRFPMQRNLVVIPKSVTPERIAENFKVFDFELSSQDMTTLLSYNRNWRVCALLSCTSHKDYPFHEEF, 388 ,c1cc(c(cc1Cl)OCC(=O)O)C(=O)NCc2ccc(cc2F)Br,17.282847742130976,wt,origin sequence,KD
1SGU,PQITLWQRPLVTIKIGGQLREALLDTGADDTIFEEISLPGRWKPKMIGGIGGFVKVRQYDQIPIEICGHKVIGTVLVGPTPANVIGRNLMTQIGCTLNF, MK1 ,CC(C)(C)NC(=O)[C@@H]1C[N@@](CC[N@]1C[C@H](C[C@@H](Cc2ccccc2)C(=O)N[C@H]3c4ccccc4C[C@H]3O)O)Cc5cccnc5,12.372127229860256,wt,origin sequence,Ki
2PDG,ASRILLNNGAKMPILGLGTWKSPPGQVTEAVKVAIDVGYRHIDCAHVYQNENEVGVAIQEKLREQVVKREELFIVSKLWCTYHEKGLVKGACQKTLSDLKLDYLDLYLIHWPTGFKPGKEFFPLDESGNVVPSDTNILDTWAAMEELVDEGLVKAIGISNFNHLQVEMILNKPGLKYKPAVNQIECHPYLTQEKLIQYCQSKGIVVTAYSPLGSPDRPWAKPEDPSLLEDPRIKAIAAKHNKTTAQVLIRFPMQRNLVVIPKSVTPERIAENFKVFDFELSSQDMTTLLSYNRNWRVCALLSCTSHKDYPFHEEF, 47D ,c1cc2c(cc1Cl)nc(s2)CN3C(=O)C=CN(C3=O)CC(=O)O,17.210825276468274,wt,origin sequence,KD
1FLM,MLPGTFFEVLKNEGVVAIATQGEDGPHLVNTWNSYLKVLDGNRIVVPVGGMHKTEANVARDERVLMTLGSRKVAGRNGPGTGFLIRGSAAFRTDGPEFEAIARFKWARAALVITVVSAEQTL, FMN ,Cc1cc2c(cc1C)N(C3=NC(=O)NC(=O)C3=N2)C[C@@H]([C@@H]([C@@H](COP(=O)(O)O)O)O)O,21.48898371034119,wt,origin sequence,KD
2FZD,MASRILLNNGAKMPILGLGTWKSPPGQVTEAVKVAIDVGYRHIDCAHVYQNENEVGVAIQEKLREQVVKREELFIVSKLWCTYHEKGLVKGACQKTLSDLKLDYLDLYLIHWPTGFKPGKEFFPLDESGNVVPSDTNILDTWAAMEELVDEGLVKAIGISNFNHLQVEMILNKPGLKYKPAVNQIECHPYLTQEKLIQYCQSKGIVVTAYSPLGSPDRPWAKPEDPSLLEDPRIKAIAAKHNKTTAQVLIRFPMQRNLVVIPKSVTPERIAENFKVFDFELSSQDMTTLLSYNRNWRVCALLSCTSHKDYPFHEEF, TOL ,CN(CC(=O)O)C(=S)c1cccc2c1ccc(c2C(F)(F)F)OC,15.390547043681043,wt,origin sequence,KD
7ABP_wt,ENLKLGFLVKQPEEPWFQTEWKFADKAGKDLGFEVIKIAVPDGEKTLNAIDSLAASGAKGFVICTPDPKLGSAIVAKARGYDMKVIAVDDQFVNAKGKPMDTVPLVMMAATKIGERQGQELYKEMQKRGWDVKESAVMAITANELDTARRRTTGSMDALKAAGFPEKQIYQVPTKSNDIPGAFDAANSMLVQHPEVKHWLIVGMNDSTVLGGVRATEGQGFKAADIIGIGINGVDAVSELSKAQATGFYGSLLPSPDVHGYKSSEMLYNWVAKDVEPPKFTEVTDVVLITRDNFKEELEKKGLGGK, FCA ,Ligand broken in structure,12.480509491231935,wt,origin sequence,KD
2QFT_wt,MESLTLQPIARVDGTINLPGSKSVSNRALLLAALAHGKTVLTNLLDSDDVRHMLNALTALGVSYTLSADRTRCEIIGNGGPLHAEGALELFLGNAGTAMRPLAAALCLGSNDIVLTGEPRMKERPIGHLVDALRLGGAKITYLEQENYPPLRLQGGFTGGNVDVDGSVSSQFLTALLMTAPLAPEDTVIRIKGDLVSKPYIDITLNLMKTFGVEIENQHYQQFVVKGGQSYQSPGTYLVEGDASSASYFLAAAAIKGGTVKVTGIGRNSMQGDIRFADVLEKMGATICWGDDYISCTRGELNAIDMDMNHIPDAAMTIATAALFAKGTTTLRNIYNWRVKETDRLFAMATELRKVGAEVEEGHDYIRITPPEKLNFAEIATYNDHRMAMCFSLVALSDTPVTILDPKCTAKTFPDYFEQLARISQAA, GPJ ,C(C(=O)O)[NH2+]CP(=O)(O)O,14.73180128983843,wt,origin sequence,Ki
2Q54,PQITLWKRPLVTIRIGGQLKEALLDTGADDTVLEEMNLPGKWKPKMIGGIGGFIKVRQYDQIPIEICGHKAIGTVLVGPTPVNIIGRNLLTQIGCTLNF, MU1 ,CC(C)[C@@H](C(=O)N[C@@H](Cc1ccccc1)C[C@@H]([C@H](Cc2ccccc2)NC(=O)[C@@H]3CN(C(=O)O3)c4cccc(c4)C(=O)C)O)NC(=O)C,20.74346854426393,wt,origin sequence,Ki
1IYK,MSGDNTGNKSNSAPSKSIEELLKLLAMGQELSPAQQKEMKDYKFWKTQPVPSLSETVTEEGPIDKLKTPEDVPNDPLPLISDFEWSTLDIDDNLQLDELYKLLYDNYVEDIDATFRFKYSHEFFQWALKPPGWRKDWHVGVRVKSTGKLVAFIAATPVTFKLNKSNKVIDSVEINFLCIHKKLRNKRLAPVLIKEITRRVNKQNIWQALYTGGSILPTPLTTCRYQHRPINWSKLHDVGFSHLPPNQTKSSMVASYTLPNNPKLKGLRPMTGKDVSTVLSLLYKYQERFDIVQLFTEEEFKHWMLGHDENSDSNVVKSYVVEDENGVITDYFSYYLLPFTVLDNAQHDELGIAYLFYYASDSFEKPNYKKRLNELITDALITSKKFGVDVFNCLTCQDNTYFLKDCKFGSGDGFLNYYLFNYRTFPMDGGIDKKTKEVVEDQTSGIGVVLL, MIM ,Cc1nccn1CCCCc2ccc(cc2)CC(=O)N[C@@H](CO)C(=O)N[C@@H](CCCCN)C(=O)NCCC3CCCCC3,15.201804919084164,wt,origin sequence,Ki
2JBZ,MSIIGVGIDVAEVERFGAALERTPALAGRLFLESELLLPGGERRGVASLAARFAAKEALAKALGAPAGLLWTDAEVWVEAGGRPRLRVTGTVAARAAELGVASWHVSLSHDAGIASAVVIAEG, COA ,CC(C)(CO[P@](=O)(O)O[P@@](=O)(O)OC[C@@H]1[C@H]([C@H]([C@@H](O1)n2cnc3c2ncnc3N)O)OP(=O)(O)O)[C@H](C(=O)NCCC(=O)NCCS)O,14.78309458422598,wt,origin sequence,KD
2RDE,MGSSHHHHHHSSGLVPRGSHMTVSTINSTDALAMVEHSSELTLSITTPVGTKFVCRTPFIGTHTDKFLLVEMPKISADDLQYFFQEGFWMNIRAISPRGEGALIHFRSQLMHILQEPVPMAFLSIPNTMQVSQLRKEPRFELNLAGKVLFDEHRGDCELRDLSRSGCRFITPPLGKTYQVGDLVALEIFSDLRGTKTFPPLTGKICNLQRSLHHARYGLEFNEEGRNNAKNLLAQLKFNGTKLTLNAEKKA, C2E ,c1nc2c(n1[C@H]3[C@@H]([C@H]4[C@H](O3)CO[P@@](=O)(O[C@@H]5[C@@H](CO[P@@](=O)(O4)O)O[C@H]([C@@H]5O)n6cnc7c6N=C(NC7=O)N)O)O)N=C(NC2,15.58746739989615,wt,origin sequence,KD
3G0E,MRGARGAWDFLCVLLLLLRVQTGSSQPSVSPGEPSPPSIHPGKSDLIVRVGDEIRLLCTDPGFVKWTFEILDETNENKQNEWITEKAEATNTGKYTCTNKHGLSNSIYVFVRDPAKLFLVDRSLYGKEDNDTLVRCPLTDPEVTNYSLKGCQGKPLPKDLRFIPDPKAGIMIKSVKRAYHRLCLHCSVDQEGKSVLSEKFILKVRPAFKAVPVVSVSKASYLLREGEEFTVTCTIKDVSSSVYSTWKRENSQTKLQEKYNSWHHGDFNYERQATLTISSARVNDSGVFMCYANNTFGSANVTTTLEVVDKGFINIFPMINTTVFVNDGENVDLIVEYEAFPKPEHQQWIYMNRTFTDKWEDYPKSENESNIRYVSELHLTRLKGTEGGTYTFLVSNSDVNAAIAFNVYVNTKPEILTYDRLVNGMLQCVAAGFPEPTIDWYFCPGTEQRCSASVLPVDVQTLNSSGPPFGKLVVQSSIDSSAFKHNGTVECKAYNDVGKTSAYFNFAFKGNNKEQIHPHTLFTPLLIGFVIVAGMMCIIVMILTYKYLQKPMYEVQWKVVEEINGNNYVYIDPTQLPYDHKWEFPRNRLSFGKTLGAGAFGKVVEATAYGLIKSDAAMTVAVKMLKPSAHLTEREALMSELKVLSYLGNHMNIVNLLGACTIGGPTLVITEYCCYGDLLNFLRRKRDSFICSKQEDHAEAALYKNLLHSKESSCSDSTNEYMDMKPGVSYVVPTKADKRRSVRIGSYIERDVTPAIMEDDELALDLEDLLSFSYQVAKGMAFLASKNCIHRDLAARNILLTHGRITKICDFGLARDIKNDSNYVVKGNARLPVKWMAPESIFNCVYTFESDVWSYGIFLWELFSLGSSPYPGMPVDSKFYKMIKEGFRMLSPEHAPAEMYDIMKTCWDADPLKRPTFKQIVQLIEKQISESTNHIYSNLANCSPNRQKPVVDHSVRINSVGSTASSSQPLLVHDDV, B49 ,CCN(CC)CCNC(=O)c1c(c([nH]c1C)/C=C2/c3cc(ccc3NC2=O)F)C,17.72753356339242,wt,origin sequence,KD
2V8L,ASIPSSASVQLDSYNYDGSTFSGKIYVKNIAYSKKVTVVYADGSDNWNNNGNIIAASFSGPISGSNYEYWTFSASVKGIKEFYIKYEVSGKTYYDNNNSANYQVST, GLC ,C([C@@H]1[C@H]([C@@H]([C@H]([C@H](O1)O)O)O)O)O,13.479038321343062,wt,origin sequence,KD
2JDM_wt,ATQGVFTLPANTRFGVTAFANSSGTQTVNVLVNNETAATFSGQSTNNAVIGTQVLNSGSSGKVQVQVSVNGRPSDLVSAQVILTNELNFALVGSEDGTDNDYNDAVVVINWPLG, MFU ,C[C@H]1[C@H]([C@H]([C@@H]([C@@H](O1)OC)O)O)O,14.659480628258803,wt,origin sequence,KD
1AKU_wt,MPKALIVYGSTTGNTEYTAETIARELADAGYEVDSRDAASVEAGGLFEGFDLVLLGCSTWGDDSIELQDDFIPLFDSLEETGAQGRKVACFGCGDSSYEYFCGAVDAIEEKLKNLGAEIVQDGLRIDGDPRAARDDIVGWAHDVRGAI, FMN ,Cc1cc2c(cc1C)N(C3=NC(=O)NC(=O)C3=N2)C[C@@H]([C@@H]([C@@H](COP(=O)(O)O)O)O)O,15.569974242448632,wt,origin sequence,KD
1HNN,MSGADRSPNAGAAPDSAPGQAAVASAYQRFEPRAYLRNNYAPPRGDLCNPNGVGPWKLRCLAQTFATGEVSGRTLIDIGSGPTVYQLLSACSHFEDITMTDFLEVNRQELGRWLQEEPGAFNWSMYSQHACLIEGKGECWQDKERQLRARVKRVLPIDVHQPQPLGAGSPAPLPADALVSAFCLEAVSPDLASFQRALDHITTLLRPGGHLLLIGALEESWYLAGEARLTVVPVSEEEVREALVRSGYKVRDLRTYIMPAHLQTGVDDVKGVFFAWAQKVGL, SKF ,c1cc2c(cc1S(=O)(=O)N)CNCC2,15.935774094164366,wt,origin sequence,Ki
1US0,MASRILLNNGAKMPILGLGTWKSPPGQVTEAVKVAIDVGYRHIDCAHVYQNENEVGVAIQEKLREQVVKREELFIVSKLWCTYHEKGLVKGACQKTLSDLKLDYLDLYLIHWPTGFKPGKEFFPLDESGNVVPSDTNILDTWAAMEELVDEGLVKAIGISNFNHLQVEMILNKPGLKYKPAVNQIECHPYLTQEKLIQYCQSKGIVVTAYSPLGSPDRPWAKPEDPSLLEDPRIKAIAAKHNKTTAQVLIRFPMQRNLVVIPKSVTPERIAENFKVFDFELSSQDMTTLLSYNRNWRVCALLSCTSHKDYPFHEEF, LDT ,c1cc(c(cc1F)OCC(=O)O)C(=S)NCc2ccc(cc2F)Br,16.190128853858152,wt,origin sequence,KD
2R43_wt,PQITLWQRPLVTIKIGGQLKEALLDTGADDTVLEEMSLPGRWKPKMIGGIGGFIKVRQYDQILIEICGHKAIGTVLVGPTPVNIIGRNLLTQIGCTLNF, G3G ,c1ccc(cc1)CN([C@H]2CNC[C@@H]2N(Cc3ccccc3)S(=O)(=O)c4ccc(cc4)N)S(=O)(=O)c5ccc(cc5)N,15.124843877948036,wt,origin sequence,Ki
1YON,MKITVLGCGALGQLWLTALCKQGHEVQGWLRVPQPYCSVNLVETDGSIFNESLTANDPDFLATSDLLLVTLKAWQVSDAVKSLASTLPVTTPILLIHNGMGTIEELQNIQQPLLMGTTTHAARRDGNVIIHVANGITHIGPARQQDGDYSYLADILQTVLPDVAWHNNIRAELWRKLAVNCVINPLTAIWNCPNGELRHHPQEIMQICEEVAAVIEREGHHTSAEDLRDYVMQVIDATAENISSMLQDIRALRHTEIDYINGFLLRRARAHGIAVPENTRLFEMVKRKESEYERIGTGLPRPW, APX ,c1nc2c(n1[C@H]3[C@@H]([C@@H]([C@H](O3)CO[P@](=O)(O)O[P@](=O)(O)OC[C@@H]4[C@H]([C@H]([C@@H](O4)O)O)O)O)OP(=O)(O)O)[NH2+]CNC2N,8.368773186297965,wt,origin sequence,KD
2W3A,VGSLNCIVAVSQNMGIGKNGDLPWPPLRNEFRYFQRMTTTSSVEGKQNLVIMGKKTWFSIPEKNRPLKGRINLVLSRELKEPPQGAHFLSRSLDDALKLTEQPELANKVDMVWIVGGSSVYKEAMNHPGHLKLFVTRIMQDFESDTFFPEIDLEKYKLLPEYPGVLSDVQEEKGIKYKFEVYEKND, NDP ,c1nc(c2c(n1)n(cn2)[C@H]3[C@@H]([C@@H]([C@H](O3)CO[P@](=O)(O)O[P@@](=O)(O)OC[C@@H]4[C@H]([C@H]([C@@H](O4)N5C=CCC(=C5)C(=O)N)O)O)O,12.311433161188,wt,origin sequence,Km
1AMK,MSAKPQPIAAANWKCNGTTASIEKLVQVFNEHTISHDVQCVVAPTFVHIPLVQAKLRNPKYVISAENAIAKSGAFTGEVSMPILKDIGVHWVILGHSERRTYYGETDEIVAQKVSEACKQGFMVIACIGETLQQREANQTAKVVLSQTSAIAAKLTKDAWNQVVLAYEPVWAIGTGKVATPEQAQEVHLLLRKWVSENIGTDVAAKLRILYGGSVNAANAATLYAKPDINGFLVGGASLKPEFRDIIDATR, PGA ,C(C(=O)O)OP(=O)(O)O,9.903487552536127,wt,origin sequence,Ki
1E2K,MPTLLRVYIDGPHGMGKTTTTQLLVALGSRDDIVYVPEPMTYWRVLGASETIANIYTTQHRLDQGEISAGDAAVVMTSAQITMGMPYAVTDAVLAPHIGGEAGSSHAPPPALTLIFDRHPIAALLCYPAARYLMGSMTPQAVLAFVALIPPTLPGTNIVLGALPEDRHIDRLAKRQRPGERLDLAMLAAIRRVYGLLANTVRYLQCGGSWREDWGQLSGTAVPPQGAEPQSNAGPRPHIGDTLFTLFRAPELLAPNGDLYNVFAWALDVLAKRLRSMHVFILDYDQSPAGCRDALLQLTSGMVQTHVTTPGSIPTICDLARTFAREMGEAN, TMC ,CC1=CN(C(=O)NC1=O)[C@H]2C[C@@H]([C@]3([C@@H]2C3)CO)O,11.381897202563824,wt,origin sequence,Ki
2ZGA,PQITLWQRPLVTIKIGGQLKEALLDTGADDTVLEEMSLPGRWKPKMIGGIGGFIKVRQYDQILIEICGHKAIGTVLVGPTPVNIIGRNLLTQIGCTLNF, YDP ,CC(=CCN([C@H]1CNC[C@@H]1N(CC=C(C)C)S(=O)(=O)c2ccc(cc2)C(=O)N)S(=O)(=O)c3ccc(cc3)C(=O)N)C,14.549479733044475,wt,origin sequence,Ki
1N92,STAGKVIKCKAAVLWEEKKPFSIEEVEVAPPKAHEVRIKMVATGICRSDDHVVSGTLVTPLPVIAGHEAAGIVESIGEGVTTVRPGDKVIPLFTPQCGKCRVCKHPEGNFCLKNDLSMPRGTMQDGTSRFTCRGKPIHHFLGTSTFSQYTVVDEISVAKIDAASPLEKVCLIGCGFSTGYGSAVKVAKVTQGSTCAVFGLGGVGLSVIMGCKAAGAARIIGVDINKDKFAKAKEVGATECVNPQDYKKPIQEVLTEMSNGGVDFSFEVIGRLDTMVTALSCCQEAYGVSVIVGVPPDSQNLSMNPMLLLSGRTWKGAIFGGFKSKDSVPKLVADFMAKKFALDPLITHVLPFEKINEGFDLLRSGESIRTILTF, NAJ ,c1cc(c[n+](c1)[C@H]2[C@@H]([C@@H]([C@H](O2)COP(=O)([O-])OP(=O)([O-])OC[C@@H]3[C@H]([C@H]([C@@H](O3)n4cnc5c4nc[nH+]c5N)O)O)O)O)C(,10.381523353479128,wt,origin sequence,Ki
1GNO,PQITLWQRPLVTIKIGGQLKEALLDTGADDTVLEEMSLPGRWKPKMIGGIGGFIKVRQYDQILIEICGHKAIGTVLVGPTPVNIIGRNLLTQIGCTLNF, U0E ,CC(C)[C@H](C[C@@H]([C@H](CC1CCCCC1)NC(=O)C)O)C(=O)N[C@@H](CCC(=O)N)C(=O)N[C@@H](CCCNC(=N)N)C(=O)N,17.72753356339242,wt,origin sequence,Ki
1A4H,MASETFEFQAEITQLMSLIINTVYSNKEIFLRELISNASDALDKIRYKSLSDPKQLETEPDLFIRITPKPEQKVLEIRDSGIGMTKAELINNLGTIAKSGTKAFMEALSAGADVSMIGQFGVGFYSLFLVADRVQVISKSNDDEQYIWESNAGGSFTVTLDEVNERIGRGTILRLFLKDDQLEYLEEKRIKEVIKRHSEFVAYPIQLVVTKEVEKEVPIPEEEKKDEEKKDEEKKDEDDKKPKLEEVDEEEEKKPKTKKVKEEVQEIEELNKTKPLWTRNPSDITQEEYNAFYKSISNDWEDPLYVKHFSVEGQLEFRAILFIPKRAPFDLFESKKKKNNIKLYVRRVFITDEAEDLIPEWLSFVKGVVDSEDLPLNLSREMLQQNKIMKVIRKNIVKKLIEAFNEIAEDSEQFEKFYSAFSKNIKLGVHEDTQNRAALAKLLRYNSTKSVDELTSLTDYVTRMPEHQKNIYYITGESLKAVEKSPFLDALKAKNFEVLFLTDPIDEYAFTQLKEFEGKTLVDITKDFELEETDEEKAEREKEIKEYEPLTKALKEILGDQVEKVVVSYKLLDAPAAIRTGQFGWSANMERIMKAQALRDSSMSSYMSSKKTFEISPKSPIIKELKKRVDEGGAQDKTVKDLTKLLYETALLTSGFSLDEPTSFASRINRLISLGLNIDEDEETETAPEASTAAPVEEVPADTEMEEVD, GDM ,C[C@H]1C[C@@H]([C@@H]([C@H](C=C([C@@H]([C@H](C=C/C=C(/C(=O)NC2=CC(=O)C(=C(C1)C2=O)OC)C)OC)OC(=O)N)/C)C)O)OC,12.818561923072664,wt,origin sequence,KD
2CC7,MVFKKVLLTGTSEESFTAAADDAIDRAEDTLDNVVWAEVVDQGVEIGAVEERTYQTEVQVAFELDGSQ, LUM ,Cc1cc2c(cc1C)nc3c(n2)C(=O)NC(=O)N3,18.432753325186635,wt,origin sequence,KD
2I0D,PQITLWKRPLVTIRIGGQLKEALLDTGADDTVLEEMNLPGKWKPKMIGGIGGFIKVRQYDQIPIEICGHKAIGTVLVGPTPVNIIGRNLLTQIGCTLNF, MUT ,CC(C)C[N@@](C[C@H]([C@H](Cc1ccccc1)NC(=O)[C@@H]2CN(C(=O)O2)c3cccc(c3)C(=O)C)O)S(=O)(=O)c4ccc(cc4)OC,27.85416466724276,wt,origin sequence,Ki
3E9B,MSSKPKPIEIIGAPFSKGQPRGGVEKGPAALRKAGLVEKLKETEYNVRDHGDLAFVDVPNDSPFQIVKNPRSVGKANEQLAAVVAETQKNGTISVVLGGDHSMAIGSISGHARVHPDLCVIWVDAHTDINTPLTASSGNLHGQPVAFLLKELKGKFPDVPGFSWVTPCISAKDIVYIGLRDVDPGEHYIIKTLGIKYFSMTEVDKLGIGKVMEETFSYLLGRKKRPIHLSFDVDGLDPVFTPATGTPVVGGLSYREGLYITEEIYKTGLLSGLDIMEVNPTLGKTPEEVTRTVNTAVALTLSCFGTKREGNHKPETDYLKPPK, S2C ,[B-](CCSC[C@@H](C(=O)O)N)(O)(O)O,12.311433161188,wt,origin sequence,Ki
2WZF,MKARRDQQLSKLRMRFFSALNHTSEIDLQVLFNDLKSILTLDSIEHLKEGSVAYAIIQELLKQDDAQNKIQSFLHGAIKNVIHPGVIKGLTPDEINWNVAKAYPKYYEHEEFPDVTFGGFKVRDSNEFKFKTNIQTSIWFSIKPDLFMPSKQQEALKRRREQYPGCEIRLIYSSSLLNAEANRQMKAFARKQNISLIDIDSVKTDSPLYPLLKAELAHLGKGGNPAAASDLCRWIPELFNEGFYVDIDLPVDSSKIVEGHQITGGVPIMLNMGSIISEPIAPHHRRQEAVCMNTDIIAYSNDKRTQKMMDTVARYLKNIYDDPYTALKDTPLAQTAFFNKCQEERKSIFDLRKGLQDAFRSDSLLQLYDFLGADKFKEVFKLKEAQSKYINEHISEFSEKDLLLNLISDKPSEISQHTLDFVKAKAMYIDIAKEHYSAFYKPLVEEISGPGAIYNALGGAGSFTTTHRRLTGPMLPTTPPRVLQVFCDAHDKGPFVSDNIARWQTNVRDLGVLNREGLSWLPSVG, UDP ,Ligand broken in structure,16.11809565095832,wt,origin sequence,KD
1BF3_wt,MKTQVAIIGAGPSGLLLGQLLHKAGIDNVILERQTPDYVLGRIRAGVLEQGMVDLLREAGVDRRMARDGLVHEGVEIAFAGQRRRIDLKRLSGGKTVTVYGQTEVTRDLMEAREASGATTVYQAAEVRLHDLQGERPYVTFERDGERLRLDCDYIAGCDGFHGISRQSIPAERLKVFERVYPFGWLGLLADTPPVSHELIYANHPRGFALCSQRSATRSRYYVQVPLTEKVEDWSDERFWTELKARLPAEVAEKLVTGPSLEKSIAPLRSFVVEPMQHGRLFLAGDAAHIVPPTGAKGLNLAASDVSTLYRLLLKAYREGRGELLERYSAICLRRIWKAERFSWWMTSVLHRFPDTDAFSQRIQQTELEYYLGSEAGLATIAENYVGLPYEEIE, PHB ,c1cc(ccc1C(=O)O)O,10.41431317630212,wt,origin sequence,KD
3EIG,VGSLNCIVAVSQNMGIGKNGDLPWPPLRNERRYFERMTTTSSVEGKQNLVIMGKKTWFSIPEKNRPLKGRINLVLSRELKEPPQGAHFLSRSLDDALKLTEQPELANKVDMVWIVGGSSVYKEAMNHPGHLKLFVTRIMQDFESDTFFPEIDLEKYKLLPEYPGVLSDVQEEKGIKYKFEVYEKND, MTX ,CN(Cc1cnc2c(n1)c(nc(n2)N)N)c3ccc(cc3)C(=O)N[C@@H](CCC(=O)O)C(=O)O,17.678743399222988,wt,origin sequence,Ki
4B7J,MNPNQKIITIGSVCMTIGMANLILQIGNIISIWISHSIQLGNQNQIETCNQSVITYENNTWVNQTYVNISNTNFAAGQSVVSVKLAGNSSLCPVSGWAIYSKDNSIRIGSKGDVFVIREPFISCSPLECRTFFLTQGALLNDKHSNGTIKDRSPYRTLMSCPIGEVPSPYNSRFESVAWSASACHDGINWLTIGISGPDNGAVAVLKYNGIITDTIKSWRNNRLRTQESECACVNGSCFTVMTDGPSDGQASYKIFRIEKGKIVKSVEMNAPNYHYEECSCYPDSSEITCVCRDNWHGSNRPWVSFNQNLEYQIGYICSGIFGDNPRPNDKTGSCGPVSSNGANGVKGFSFKYGNGVWIGRTKSISSRNGFEMIWDPNGWTGTDNDFSIKQDIVGINEWSGYSGSFVQHPELTGLDCIRPCFWVELIRGRPKENTIWTSGSSISFCGVNSDTVGWSWPDGAELPFTIDK, G39 ,CCC(CC)O[C@@H]1C=C(C[C@@H]([C@H]1NC(=O)C)N)C(=O)O,18.316320728628124,wt,origin sequence,Ki
3C3U,MDSKYQCVKLNDGHFMPVLGFGTYAPAEVPKSKALEATKLAIEAGFRHIDSAHLYNNEEQVGLAIRSKIADGSVKREDIFYTSKLWCNSHRPELVRPALERSLKNLQLDYVDLYLIHFPVSVKPGEEVIPKDENGKILFDTVDLCATWEAVEKCKDAGLAKSIGVSNFNRRQLEMILNKPGLKYKPVCNQVECHPYFNQRKLLDFCKSKDIVLVAYSALGSHREEPWVDPNSPVLLEDPVLCALAKKHKRTPALIALRYQLQRGVVVLAKSYNEQRIRQNVQVFEFQLTSEEMKAIDGLNRNVRYLTLDIFAGPPNYPFSDEY, C2U ,c1c(cc(c(c1C(=O)O)O)Cl)Cl,18.94831348603474,wt,origin sequence,Ki
3UM8,MMEQVCDVFDIYAICACCKVESKNEGKKNEVFNNYTFRGLGNKGVLPWKCNSLDMKYFCAVTTYVNESKYEKLKYKRCKYLNKETVDNVNDMPNSKKLQNVVVMGRTSWESIPKKFKPLSNRINVILSRTLKKEDFDEDVYIINKVEDLIVLLGKLNYYKCFIIGGSVVYQEFLEKKLIKKIYFTRINSTYECDVFFPEINENEYQIISVSDVYTSNNTTLDFIIYKKTNNKMLNEQNCIKGEEKNNDMPLKNDDKDTCHMKKLTEFYKNVDKYKINYENDDDDEEEDDFVYFNFNKEKEEKNKNSIHPNDFQIYNSLKYKYHPEYQYLNIIYDIMMNGNKQSDRTGVGVLSKFGYIMKFDLSQYFPLLTTKKLFLRGIIEELLWFIRGETNGNTLLNKNVRIWEANGTREFLDNRKLFHREVNDLGPIYGFQWRHFGAEYTNMYDNYENKGVDQLKNIINLIKNDPTSRRILLCAWNVKDLDQMALPPCHILCQFYVFDGKLSCIMYQRSCDLGLGVPFNIASYSIFTHMIAQVCNLQPAQFIHVLGNAHVYNNHIDSLKIQLNRIPYPFPTLKLNPDIKNIEDFTISDFTIQNYVHHEKISMDMAA, 1CY ,CC1(N=C(N=C(N1c2ccc(cc2)Cl)N)N)C,20.253262207700676,wt,origin sequence,Ki
2PSV,PQITLWKRPLVTIRIGGQLKEALLDTGADDTVLEEMNLPGKWKPKMIGGIGGFIKVRQYDQIPIEICGHKAIGTVLVGPTPVNIIGRNLLTQIGCTLNF, MUV ,CNC(=O)CCC(=O)N[C@@H](Cc1ccccc1)[C@@H](C[N@](CC2CC2)S(=O)(=O)c3ccco3)O,16.662822826399992,wt,origin sequence,Ki
1P7T,MAQTITQSRLRIDANFKRFVDEEVLPGTGLDAAAFWRNFDEIVHDLAPENRQLLAERDRIQAALDEWHRSNPGPVKDKAAYKSFLRELGYLVPQPERVTVETTGIDSEITSQAGPQLVVPAMNARYALNAANARWGSLYDALYGSDIIPQEGAMVSGYDPQRGEQVIAWVRRFLDESLPLENGSYQDVVAFKVVDKQLRIQLKNGKETTLRTPAQFVGYRGDAAAPTCILLKNNGLHIELQIDANGRIGKDDPAHINDVIVEAAISTILDCEDSVAAVDAEDKILLYRNLLGLMQGTLQEKMEKNGRQIVRKLNDDRHYTAADGSEISLHGRSLLFIRNVGHLMTIPVIWDSEGNEIPEGILDGVMTGAIALYDLKVQKNSRTGSVYIVKPKMHGPQEVAFANKLFTRIETMLGMAPNTLKMGIMDEERRTSLNLRSCIAQARNRVAFINTGFLDRTGDEMHSVMEAGPMLRKNQMKSTPWIKAYERNNVLSGLFCGLRGKAQIGKGMWAMPDLMADMYSQKGDQLRAGANTAWVPSPTAATLHALHYHQTNVQSVQANIAQTEFNAEFEPLLDDLLTIPVAENANWSAQEIQQELDNNVQGILGYVVRWVEQGIGCSKVPDIHNVALMEDRATLRISSQHIANWLRHGILTKEQVQASLENMAKVVDQQNAGDPAYRPMAGNFANSCAFKAASDLIFLGVKQPNGYTEPLLHAWRLREKESHLEHHHHHH, ACO ,CC(=O)SCCNC(=O)CCNC(=O)[C@@H](C(C)(C)CO[P@](=O)(O)O[P@@](=O)(O)OC[C@@H]1[C@H]([C@H]([C@@H](O1)n2cnc3c2ncnc3N)O)OP(=O)(O)O)O,11.618285980628055,wt,origin sequence,Km
1GZ4,EKGKPLMLNPRTNKGMAFTLQERQMLGLQGLLPPKIETQDIQALRFHRNLKKMTSPLEKYIYIMGIQERNEKLFYRILQDDIESLMPIVYTPTVGLACSQYGHIFRRPKGLFISISDRGHVRSIVDNWPENHVKAVVVTDGERILGLGDLGVYGMGIPVGKLCLYTACAGIRPDRCLPVCIDVGTDNIALLKDPFYMGLYQKRDRTQQYDDLIDEFMKAITDRYGRNTLIQFEDFGNHNAFRFLRKYREKYCTFNDDIQGTAAVALAGLLAAQKVISKPISEHKILFLGAGEAALGIANLIVMSMVENGLSEQEAQKKIWMFDKYGLLVKGRKAKIDSYQEPFTHSAPESIPDTFEDAVNILKPSTIIGVAGAGRLFTPDVIRAMASINERPVIFALSNPTAQAECTAEEAYTLTEGRCLFASGSPFGPVKLTDGRVFTPGQGNNVYIFPGVALAVILCNTRHISDSVFLEAAKALTSQLTDEELAQGRLYPPLANIQEVSINIAIKVTEYLYANKMAFRYPEPEDKAKYVKERTWRSEYDSLLPDVYEWP, ATP ,c1nc(c2c(n1)n(cn2)[C@H]3[C@@H]([C@@H]([C@H](O3)CO[P@@](=O)(O)O[P@](=O)(O)OP(=O)(O)O)O)O)N,8.517193191416238,wt,origin sequence,Ki
1HLD,STAGKVIKCKAAVLWEEKKPFSIEEVEVAPPKAHEVRIKMVATGICRSDDHVVSGTLVTPLPVIAGHEAAGIVESIGEGVTTVRPGDKVIPLFTPQCGKCRVCKHPEGNFCLKNDLSMPRGTMQDGTSRFTCRGKPIHHFLGTSTFSQYTVVDEISVAKIDAASPLEKVCLIGCGFSTGYGSAVKVAKVTQGSTCAVFGLGGVGLSVIMGCKAAGAARIIGVDINKDKFAKAKEVGATECVNPQDYKKPIQEVLTEMSNGGVDFSFEVIGRLDTMVTALSCCQEAYGVSVIVGVPPDSQNLSMNPMLLLSGRTWKGAIFGGFKSKDSVPKLVADFMAKKFALDPLITHVLPFEKINEGFDLLRSGESIRTILTF, PFB ,C(c1c(c(c(c(c1F)F)F)F)F)O,12.716898269296165,wt,origin sequence,Ki
3OKP,MSASRKTLVVTNDFPPRIGGIQSYLRDFIATQDPESIVVFASTQNAEEAHAYDKTLDYEVIRWPRSVMLPTPTTAHAMAEIIREREIDNVWFGAAAPLALMAGTAKQAGASKVIASTHGHEVGWSMLPGSRQSLRKIGTEVDVLTYISQYTLRRFKSAFGSHPTFEHLPSGVDVKRFTPATPEDKSATRKKLGFTDTTPVIACNSRLVPRKGQDSLIKAMPQVIAARPDAQLLIVGSGRYESTLRRLATDVSQNVKFLGRLEYQDMINTLAAADIFAMPARTRGGGLDVEGLGIVYLEAQACGVPVIAGTSGGAPETVTPATGLVVEGSDVDKLSELLIELLDDPIRRAAMGAAGRAHVEAEWSWEIMGERLTNILQSEPRKLAAALEHHHHHH, GDD ,c1nc2c(n1[C@H]3[C@@H]([C@@H]([C@H](O3)CO[P@](=O)(O)O[P@](=O)(O)O[C@@H]4[C@H]([C@H]([C@@H]([C@H](O4)CO)O)O)O)O)O)N=C(NC2=O)N,10.871071578797833,wt,origin sequence,KD
2I0A,PQITLWKRPLVTIRIGGQLKEALLDTGADDTVLEEMNLPGKWKPKMIGGIGGFIKVRQYDQIPIEICGHKAIGTVLVGPTPVNIIGRNLLTQIGCTLNF, MUI ,CC(C)C[N@@](C[C@H]([C@H](Cc1ccccc1)NC(=O)[C@@H]2CN(C(=O)O2)c3ccc(cc3)C(=O)C)O)S(=O)(=O)c4ccc(cc4)OC,26.244726754808656,wt,origin sequence,Ki
1NJE,MLEQPYLDLAKKVLDEGHFKPDRTHTGTYSIFGHQMRFDLSKGFPLLTTKKVPFGLIKSELLWFLHGDTNIRFLLQHRNHIWDEWAFEKWVKSDEYHGPDMTDFGHRSQKDPEFAAVYHEEMAKFDDRVLHDDAFAAKYGDLGLVYGSQWRAWHTSKGDTIDQLGDVIEQIKTHPYSRRLIVSAWNPEDVPTMALPPCHTLYQFYVNDGKLSLQLYQRSADIFLGVPFNIASYALLTHLVAHECGLEVGEFIHTFGDAHLYVNHLDQIKEQLSRTPRPAPTLQLNPDKHDIFDFDMKDIKLLNYDPYPAIKAPVAV, DCM ,C1[C@@H]([C@H](O[C@H]1N2C=CC(=NC2=O)N)COP(=O)(O)O)O,5.809142990314028,wt,origin sequence,Ki
2HA3,EGREDPQLLVRVRGGQLRGIRLKAPGGPVSAFLGIPFAEPPVGSRRFMPPEPKRPWSGVLDATTFQNVCYQYVDTLYPGFEGTEMWNPNRELSEDCLYLNVWTPYPRPASPTPVLIWIYGGGFYSGAASLDVYDGRFLAQVEGAVLVSMNYRVGTFGFLALPGSREAPGNVGLLDQRLALQWVQENIAAFGGDPMSVTLFGESAGAASVGMHILSLPSRSLFHRAVLQSGTPNGPWATVSAGEARRRATLLARLVGCPPGGAGGNDTELIACLRTRPAQDLVDHEWHVLPQESIFRFSFVPVVDGDFLSDTPEALINTGDFQDLQVLVGVVKDEGSYFLVYGVPGFSKDNESLISRAQFLAGVRIGVPQASDLAAEAVVLHYTDWLHPEDPTHLRDAMSAVVGDHNVVCPVAQLAGRLAAQGARVYAYIFEHRASTLTWPLWMGVPHGYEIEFIFGLPLDPSLNYTTEERIFAQRLMKYWTNFARTGDPNDPRDSKSPQWPPYTTAAQQYVSLNLKPLEVRRGLRAQTCAFWNRFLPKLLSAT, CHT ,C[N+](C)(C)CCO,6.980325971816972,wt,origin sequence,KD
3ZY2,MRVSKVLTLASFISVCSYSEAKSNETDPNGYIVFCPCMGRFGNQVDQFLGVLAFAKALDRTLVLPNFIEFKHPETKMIPFEFLFQVGTVAKYTRVVTMQEFTKKIMPTVWPPEKRKAFCWTPRQAIYDKSAEPGCHSKEGNPFGPYWDQIDVSFVGDEYFGDIPGGFDLNQMGSRKKWLEKFPSEEYPVLAFSSAPAPFPSKGKVWSIQKYLRWSSRITEQAKKFISANLAKPFVAVHLRNDADWVRVCEHIDTTTNRPLFASEQCLGEGHHLGTLTKEICSPSKQQILEQIVEKVGSIGAKSVFVASDKDHMIDEINEALKPYEIEAHRQEPDDMYTSLAIMGRADLFVGNCVSTFSHIVKRERDHAGQSPRPSAFFGIRAVKRHIDL, GDP ,c1nc2c(n1[C@H]3[C@@H]([C@@H]([C@H](O3)CO[P@](=O)(O)OP(=O)(O)O)O)O)N=C(NC2=O)N,14.865332682462952,wt,origin sequence,KD
2C80,MTGDHIKVIYFNGRGRAESIRMTLVAAGVNYEDERISFQDWPKIKPTIPGGRLPAVKITDNHGHVKWMVESLAIARYMAKKHHMMGGTEEEYYNVEKLIGQAEDLEHEYYKTLMKPEEEKQKIIKEILNGKVPVLLDIICESLKASTGKLAVGDKVTLADLVLIAVIDHVTDLDKEFLTGKYPEIHKHRENLLASSPRLAKYLSDRAATPF, GTX ,CCCCCCSC[C@@H](C(=O)NCC(=O)O)NC(=O)CC[C@@H](C(=O)O)[NH3+],12.267948049248261,wt,origin sequence,KD
3CWK,PNFSGNWKIIRSENFEELLKVLGVNVMLRKIAVAAASKPAVEIKQEGDTFYIKVSTTVRTTEINFKVGEEFEEQTVDGRPCKSLVKWESENKMVCEQKLLKGEGPKTSWTLELTNDGELIETMTADDVVCTKVFVRE, REA ,CC1=C(C(CCC1)(C)C)C=CC(=CC=CC(=CC(=O)O)C)C,15.201804919084164,wt,origin sequence,KD
1OWB,ADTKAKLTLNGDTAVELDVLKGTLGQDVIDIRTLGSKGVFTFDPGFTSTASCESKITFIDGDEGILLHRGFPIDQLATDSNYLEVCYILLNGEKPTQEQYDEFKTTVTLHTMIHEQITRLFHAFRRDSHPMAVMCGITGALAAFYHDSLDVNNPRHREIAAFRLLSKMPTMAAMCYKYSIGQPFVYPRNDLSYAGNFLNMMFSTPCEPYEVNPILERAMDRILILHADHEQNASTSTVRTAGSSGANPFACIAAGIASLWGPAHGGANEAALKMLEEISSVKHIPEFFRRAKDKNDSFRLMGFGHRVYKNYDPRATVMRETCHEVLKELGTKDDLLEVAMELENIALNDPYFIEKKLYPNVDFYSGIILKAMGIPSSMFTVIFAMARTVGWIAHWSEMHSDGMKIARPRQLYTGYEKRDFKSDIKR, NAD ,c1cc(c[n+](c1)[C@H]2[C@@H]([C@@H]([C@H](O2)CO[P@@](=O)([O-])O[P@@](=O)(O)OC[C@@H]3[C@H]([C@H]([C@@H](O3)n4cnc5c4ncnc5N)O)O)O)O)C,13.667090552846,wt,origin sequence,KD
2Q64,PQITLWQRPLVTIKIGGQLKEALLDTGADNTVLEEMSLPGAWKPKMIGGIGGFIKVRQYDQILIEICGHKAIGTVLVGPTPVNIIGRNLLTQIGCTLNF, 1UN ,Cc1c(cccc1O)C(=O)N[C@@H](CSc2ccccc2)[C@@H](C[N@@]3C[C@H]4CCCC[C@H]4C[C@H]3C(=O)NC(C)(C)C)O,20.3867936003252,wt,origin sequence,KD
1U72,VGSLNCIVAVSQNMGIGKNGDLPWPPLRNEFRYFQRMTTTSSVEGKQNLVIMGKKTWFSIPEKNRPLKGRINLVLSRELKEPPQGAHFLSRSLDDALKLTEQPELANKVDMVWIVGGSSVYKEAMNHPGHLKLFVTRIMQDFESDTFFPEIDLEKYKLLPEYPGVLSDVQEEKGIKYKFEVYEKND, MTX ,CN(Cc1cnc2c(n1)c(nc(n2)N)N)c3ccc(cc3)C(=O)N[C@@H](CCC(=O)O)C(=O)O,19.499490405324295,wt,origin sequence,Ki
1TPZ,MGQLFSSPKSDENNDLPSSFTGYFKKFNTGRKIISQEILNLIELRMRKGNIQLTNSAISDALKEIDSSVLNVAVTGETGSGKSSFINTLRGIGNEEEGAAKTGVVEVTMERHPYKHPNIPNVVFWDLPGIGSTNFPPDTYLEKMKFYEYDFFIIISATRFKKNDIDIAKAISMMKKEFYFVRTKVDSDITNEADGKPQTFDKEKVLQDIRLNCVNTFRENGIAEPPIFLLSNKNVCHYDFPVLMDKLISDLPIYKRHNFMVSLPNITDSVIEKKRQFLKQRIWLEGFAADLVNIIPSLTFLLDSDLETLKKSMKFYRTVFGVDETSLQRLARDWEIEVDQVEAMIKSPAVFKPTDEETIQERLSRYIQEFCLANGYLLPKNSFLKEIFYLKYYFLDMVTEDAKTLLKEICLKLGRLERPHRD, GDP ,c1nc2c(n1[C@H]3[C@@H]([C@@H]([C@H](O3)CO[P@](=O)(O)OP(=O)(O)O)O)O)N=C(NC2=O)N,14.261797660592693,wt,origin sequence,KD
2V5V,AKKIGLFYGTQTGKTESVAEIIRDEFGNDVVTLHDVSQAEVTDLNDYQYLIIGCPTENIGELQSDWEGLYSELDDVDFNGKLVAYFGTGDQIGYADNFQDAIGILEEKISQRGGKTVGYWSTDGYDFNDSKALRNGKFVGLALDEDNQSDLTDDRIKSWVAQLKSEFGL, FMN ,Cc1cc2c(cc1C)N(C3=NC(=O)NC(=O)C3=N2)C[C@@H]([C@@H]([C@@H](COP(=O)(O)O)O)O)O,19.154649919032565,wt,origin sequence,KD
2FGU,PQITLWKRPLVTIRIGGQLKEALLDTGADDTVLEEMNLPGKWKPKMIGGIGGFIKVRQYDQIPVEICGHKAIGTVLVGPSPVNIIGRNLLTQIGCTLNF, ASN ,Ligand broken in structure,21.138781280908077,wt,origin sequence,KD
3OKC,MSASRKTLVVTNDFPPRIGGIQSYLRDFIATQDPESIVVFASTQNAEEAHAYDKTLDYEVIRWPRSVMLPTPTTAHAMAEIIREREIDNVWFGAAAPLALMAGTAKQAGASKVIASTHGHEVGWSMLPGSRQSLRKIGTEVDVLTYISQYTLRRFKSAFGSHPTFEHLPSGVDVKRFTPATPEDKSATRKKLGFTDTTPVIACNSRLVPRKGQDSLIKAMPQVIAARPDAQLLIVGSGRYESTLRRLATDVSQNVKFLGRLEYQDMINTLAAADIFAMPARTRGGGLDVEGLGIVYLEAQACGVPVIAGTSGGAPETVTPATGLVVEGSDVDKLSELLIELLDDPIRRAAMGAAGRAHVEAEWSWEIMGERLTNILQSEPRKLAAALEHHHHHH, GDP ,c1nc2c(n1[C@H]3[C@@H]([C@@H]([C@H](O3)CO[P@](=O)(O)OP(=O)(O)O)O)O)N=C(NC2=O)N,10.218198297375828,wt,origin sequence,KD
1AMW,MASETFEFQAEITQLMSLIINTVYSNKEIFLRELISNASDALDKIRYKSLSDPKQLETEPDLFIRITPKPEQKVLEIRDSGIGMTKAELINNLGTIAKSGTKAFMEALSAGADVSMIGQFGVGFYSLFLVADRVQVISKSNDDEQYIWESNAGGSFTVTLDEVNERIGRGTILRLFLKDDQLEYLEEKRIKEVIKRHSEFVAYPIQLVVTKEVE, ADP ,c1nc(c2c(n1)n(cn2)[C@H]3[C@@H]([C@@H]([C@H](O3)CO[P@](=O)(O)OP(=O)(O)O)O)O)N,10.927920443029986,wt,origin sequence,KD
2W3A,VGSLNCIVAVSQNMGIGKNGDLPWPPLRNEFRYFQRMTTTSSVEGKQNLVIMGKKTWFSIPEKNRPLKGRINLVLSRELKEPPQGAHFLSRSLDDALKLTEQPELANKVDMVWIVGGSSVYKEAMNHPGHLKLFVTRIMQDFESDTFFPEIDLEKYKLLPEYPGVLSDVQEEKGIKYKFEVYEKND, TOP ,COc1cc(cc(c1OC)OC)Cc2cnc(nc2N)N,12.406232360454009,wt,origin sequence,Ki
1P6N,GPKFPRVKNWELGSITYDTLCAQSQQDGPCTPRRCLGSLVLPRKLQTRPSPGPPPAEQLLSQARDFINQYYSSIKRSGSQAHEERLQEVEAEVASTGTYHLRESELVFGAKQAWRNAPRCVGRIQWGKLQVFDARDCSSAQEMFTYICNHIKYATNRGNLRSAITVFPQRAPGRGDFRIWNSQLVRYAGYRQQDGSVRGDPANVEITELCIQHGWTPGNGRFDVLPLLLQAPDEAPELFVLPPELVLEVPLEHPTLEWFAALGLRWYALPAVSNMLLEIGGLEFSAAPFSGWYMSTEIGTRNLCDPHRYNILEDVAVCMDLDTRTTSSLWKDKAAVEINLAVLHSFQLAKVTIVDHHAATVSFMKHLDNEQKARGGCPADWAWIVPPISGSLTPVFHQEMVNYILSPAFRYQPDPWK, DP9 ,C1[C@H](CN[C@@H]1C(=O)N)NC(=O)[C@H](CCCNC(=N)N[N+](=O)[O-])N,9.115030192171858,wt,origin sequence,Ki
1NJB_wt,MLEQPYLDLAKKVLDEGHFKPDRTHTGTYSIFGHQMRFDLSKGFPLLTTKKVPFGLIKSELLWFLHGDTNIRFLLQHRNHIWDEWAFEKWVKSDEYHGPDMTDFGHRSQKDPEFAAVYHEEMAKFDDRVLHDDAFAAKYGDLGLVYGSQWRAWHTSKGDTIDQLGDVIEQIKTHPYSRRLIVSAWNPEDVPTMALPPCHTLYQFYVNDGKLSLQLYQRSADIFLGVPFNIASYALLTHLVAHECGLEVGEFIHTFGDAHLYVNHLDQIKEQLSRTPRPAPTLQLNPDKHDIFDFDMKDIKLLNYDPYPAIKAPVAV, UMP ,C1[C@@H]([C@H](O[C@H]1N2C=CC(=O)NC2=O)COP(=O)(O)O)O,12.206072645530174,wt,origin sequence,Km
3FS6,VGSLNCIVAVSQNMGIGKNGDLPWPPLRNEFRYFQRMTTTSSVEGKQNLVIMGKKTWFSIPEKNRPLKGRINLVLSRELKEPPQGAHFLSRSLDDALKLTEQPELANKVDMVWIVGGSSVYKEAMNHPGHLKLFVTRIMQDFESDTFFPEIDLEKYKLLPEYPGVLSDVQEEKGIKYKFEVYEKND, DH1 ,COc1ccc(cc1Cc2cnc(nc2N)N)OCCCCC(=O)O,15.285186528023216,wt,origin sequence,Ki
2HA5_wt,EGREDPQLLVRVRGGQLRGIRLKAPGGPVSAFLGIPFAEPPVGSRRFMPPEPKRPWSGVLDATTFQNVCYQYVDTLYPGFEGTEMWNPNRELSEDCLYLNVWTPYPRPASPTPVLIWIYGGGFYSGAASLDVYDGRFLAQVEGAVLVSMNYRVGTFGFLALPGSREAPGNVGLLDQRLALQWVQENIAAFGGDPMSVTLFGESAGAASVGMHILSLPSRSLFHRAVLQSGTPNGPWATVSAGEARRRATLLARLVGCPPGGAGGNDTELIACLRTRPAQDLVDHEWHVLPQESIFRFSFVPVVDGDFLSDTPEALINTGDFQDLQVLVGVVKDEGSYFLVYGVPGFSKDNESLISRAQFLAGVRIGVPQASDLAAEAVVLHYTDWLHPEDPTHLRDAMSAVVGDHNVVCPVAQLAGRLAAQGARVYAYIFEHRASTLTWPLWMGVPHGYEIEFIFGLPLDPSLNYTTEERIFAQRLMKYWTNFARTGDPNDPRDSKSPQWPPYTTAAQQYVSLNLKPLEVRRGLRAQTCAFWNRFLPKLLSAT, AT3 ,CC(=O)SCC[N+](C)(C)C,9.986869161475179,wt,origin sequence,KD
1MAR,ASRLLLNNGAKMPILGLGTWKSPPGQVTEAVKVAIDVGYRHIDCAHVYQNENEVGVAIQEKLREQVVKREELFIVSKLWCTYHEKGLVKGACQKTLSDLKLDYLDLYLIHWPTGFKPGKEFFPLDESGNVVPSDTNILDTWAAMEELVDEGLVKAIGISNFNHLQVEMILNKPGLKYKPAVNQIECHPYLTQEKLIQYCQSKGIVVTAYSPLGSPDRPWAKPEDPSLLEDPRIKAIAAKHNKTTAQVLIRFPMQRNLVVIPKSVTPERIAENFKVFDFELSSQDMTTLLSYNRNWRVCALLSCTSHKDYPFHEEF, ZST ,c1ccc2c(c1)C(=NN(C2=O)Cc3nc4cc(ccc4s3)C(F)(F)F)CC(=O)O,18.62770491338669,wt,origin sequence,KD
2R5Q,PQITLWKRPLVSIKVGGQIKEALLDTGADDTVIEEIALPGRWKPKMIGGIGGFIKVRQYDQIIIEICGKKAIGTVLVGPTPVNIIGRNMLTQLGCTLNF, 1UN ,Cc1c(cccc1O)C(=O)N[C@@H](CSc2ccccc2)[C@@H](C[N@@]3C[C@H]4CCCC[C@H]4C[C@H]3C(=O)NC(C)(C)C)O,19.730014063936128,wt,origin sequence,Ki
2PDK_wt,ASRILLNNGAKMPILGLGTWKSPPGQVTEAVKVAIDVGYRHIDCAHVYQNENEVGVAIQEKLREQVVKREELFIVSKLWCTYHEKGLVKGACQKTLSDLKLDYLDLYLIHWPTGFKPGKEFFPLDESGNVVPSDTNILDTWAAMEELVDEGLVKAIGISNFNHLQVEMILNKPGLKYKPAVNQIECHPYLTQEKLIQYCQSKGIVVTAYSPLGSPDRPWAKPEDPSLLEDPRIKAIAAKHNKTTAQVLIRFPMQRNLVVIPKSVTPERIAENFKVFDFELSSQDMTTLLSYNRNWRVCALLSCTSHKDYPFHEEF, SBI ,c1cc2c(cc1F)[C@@]3(CCO2)C(=O)NC(=O)N3,15.352627808818749,wt,origin sequence,KD
1TSL,MLEQPYLDLAKKVLDEGHFKPDRTHTGTYSIFGHQMRFDLSKGFPLLTTKKVPFGLIKSELLWFLHGDTNIRFLLQHRNHIWDEWAFEKWVKSDEYHGPDMTDFGHRSQKDPEFAAVYHEEMAKFDDRVLHDDAFAAKYGDLGLVYGSQWRAWHTSKGDTIDQLGDVIEQIKTHPYSRRLIVSAWNPEDVPTMALPPCHTLYQFYVNDGKLSLQLYQRSADIFLGVPFNIASYALLTHLVAHECGLEVGEFIHTFGDAHLYVNHLDQIKEQLSRTPRPAPTLQLNPDKHDIFDFDMKDIKLLNYDPYPAIKAPVAV, A15 ,c1cc2cccc3c2c(c1)C(=O)OC3(c4ccc(c(c4)Cl)O)c5ccc(c(c5)Cl)O,14.172185501903007,wt,origin sequence,Ki
1NJE,MLEQPYLDLAKKVLDEGHFKPDRTHTGTYSIFGHQMRFDLSKGFPLLTTKKVPFGLIKSELLWFLHGDTNIRFLLQHRNHIWDEWAFEKWVKSDEYHGPDMTDFGHRSQKDPEFAAVYHEEMAKFDDRVLHDDAFAAKYGDLGLVYGSQWRAWHTSKGDTIDQLGDVIEQIKTHPYSRRLIVSAWNPEDVPTMALPPCHTLYQFYVNDGKLSLQLYQRSADIFLGVPFNIASYALLTHLVAHECGLEVGEFIHTFGDAHLYVNHLDQIKEQLSRTPRPAPTLQLNPDKHDIFDFDMKDIKLLNYDPYPAIKAPVAV, DCM ,C1[C@@H]([C@H](O[C@H]1N2C=CC(=NC2=O)N)COP(=O)(O)O)O,8.740336742730447,wt,origin sequence,KD
2QEH,ETVQDCENKLPPSLKSRLCEIRRYEIIEGPEMDKHIHCVMRALDFVYEDGRGDYHKLYDPLNIIELDKRHDVNLEKCIGECVQVPTSERAHVFYKCLLKSTTGRTFKKVFDLMELKKAGKVPQHQRYTAEFVQIMKDYDKALNC, SRO ,c1cc2c(cc1O)c(c[nH]2)CCN,19.847797099592512,wt,origin sequence,KD
3NTY,MDSKYQCVKLNDGHFMPVLGFGTYAPAEVPKSKALEATKLAIEAGFRHIDSAHLYNNEEQVGLAIRSKIADGSVKREDIFYTSKLWCNSHRPELVRPALERSLKNLQLDYVDLYLIHFPVSVKPGEEVIPKDENGKILFDTVDLCATWEAVEKCKDAGLAKSIGVSNFNRRQLEMILNKPGLKYKPVCNQVECHPYFNQRKLLDFCKSKDIVLVAYSALGSHREEPWVDPNSPVLLEDPVLCALAKKHKRTPALIALRYQLQRGVVVLAKSYNEQRIRQNVQVFEFQLTSEEMKAIDGLNRNVRYLTLDIFAGPPNYPFSDEY, 5P3 ,c1ccc(cc1)c2cc(c(c(c2)Cl)O)C(=O)O,20.874088726680995,wt,origin sequence,Ki
2QFQ_wt,MESLTLQPIARVDGTINLPGSKSVSNRALLLAALAHGKTVLTNLLDSDDVRHMLNALTALGVSYTLSADRTRCEIIGNGGPLHAEGALELFLGNAGTAMRPLAAALCLGSNDIVLTGEPRMKERPIGHLVDALRLGGAKITYLEQENYPPLRLQGGFTGGNVDVDGSVSSQFLTALLMTAPLAPEDTVIRIKGDLVSKPYIDITLNLMKTFGVEIENQHYQQFVVKGGQSYQSPGTYLVEGDASSASYFLAAAAIKGGTVKVTGIGRNSMQGDIRFADVLEKMGATICWGDDYISCTRGELNAIDMDMNHIPDAAMTIATAALFAKGTTTLRNIYNWRVKETDRLFAMATELRKVGAEVEEGHDYIRITPPEKLNFAEIATYNDHRMAMCFSLVALSDTPVTILDPKCTAKTFPDYFEQLARISQAA, S3P ,C1[C@H]([C@@H]([C@@H](C=C1C(=O)O)OP(=O)(O)O)O)O,9.721165995742174,wt,origin sequence,Km
1AKW_wt,MPKALIVYGSTTGNTEYTAETIARELADAGYEVDSRDAASVEAGGLFEGFDLVLLGCSTWGDDSIELQDDFIPLFDSLEETGAQGRKVACFGCGDSSYEYFCGAVDAIEEKLKNLGAEIVQDGLRIDGDPRAARDDIVGWAHDVRGAI, FMN ,Cc1cc2c(cc1C)N(C3=NC(=O)NC(=O)C3=N2)C[C@@H]([C@@H]([C@@H](COP(=O)(O)O)O)O)O,22.150382192586555,wt,origin sequence,KD
1MPW,TTETIQSNANLAPLPPHVPEHLVFDFDMYNPSNLSAGVQEAWAVLQESNVPDLVWTRCNGGHWIATRGQLIREAYEDYRHFSSECPWIPREAGEAFDFIPTSMDPPEQRQFRALANQVVGMPVVDKLENRIQELACSLIESLRPQGQCNFTEDYAEPFPIRIFMLLAGLPEEDIPHLKYLTDQMTRPDGSMTFAEAKEALYDYLIPIIEQRRQKPGTDAISIVANGQVNGRPITSDEAKRMCGLLLLGGLDTVVNFLSFSMEFLAKSPEHRQELIERPERIPAACEELLRRFSLVADGRILTSDYEFHGVQLKKGDQILLPQMLSGLDERENAAPMHVDFSRQKVSHTTFGHGSHLCLGQHLARREIIVTLKEWLTRIPDFSIAPGAQIQHKSGIVSGVQALPLVWDPATTKAV, TMH ,CC1=CC[C@@H]2C[C@H]1C2(C)C,15.01948336229021,wt,origin sequence,KD
1N7I,MSGADRSPNAGAAPDSAPGQAAVASAYQRFEPRAYLRNNYAPPRGDLCNPNGVGPWKLRCLAQTFATGEVSGRTLIDIGSGPTVYQLLSACSHFEDITMTDFLEVNRQELGRWLQEEPGAFNWSMYSQHACLIEGKGECWQDKERQLRARVKRVLPIDVHQPQPLGAGSPAPLPADALVSAFCLEAVSPDLASFQRALDHITTLLRPGGHLLLIGALEESWYLAGEARLTVVPVSEEEVREALVRSGYKVRDLRTYIMPAHLQTGVDDVKGVFFAWAQKVGL, LY1 ,c1cc(c(c2c1CCCNC2)Cl)Cl,19.241661296022194,wt,origin sequence,Ki
1B74,MKIGIFDSGVGGLTVLKAIRNRYRKVDIVYLGDTARVPYGIRSKDTIIRYSLECAGFLKDKGVDIIVVACNTASAYALERLKKEINVPVFGVIEPGVKEALKKSRNKKIGVIGTPATVKSGAYQRKLEEGGADVFAKACPLFAPLAEEGLLEGEITRKVVEHYLKEFKGKIDTLILGCTHYPLLKKEIKKFLGDAEVVDSSEALSLSLHNFIKDDGSSSLELFFTDLSPNLQFLIKLILGRDYPVKLAEGVFTH, DGN ,C(CC(=O)N)[C@H](C(=O)O)N,7.505592279737757,wt,origin sequence,Km
3DGL,GSMDYKDDDDKKTNWLKRIYRVRPCVKCKVAPRDWKVKNKHLRIYNMCKTCFNNSIDIGDDTYHGHVDWLMYADSKEISNT, ATP ,c1nc(c2c(n1)n(cn2)[C@H]3[C@@H]([C@@H]([C@H](O3)CO[P@@](=O)(O)O[P@](=O)(O)OP(=O)(O)O)O)O)N,15.201804919084164,wt,origin sequence,KD
1PWM,ASRLLLNNGAKMPILGLGTWKSPPGQVTEAVKVAIDVGYRHIDCAHVYQNENEVGVAIQEKLREQVVKREELFIVSKLWCTYHEKGLVKGACQKTLSDLKLDYLDLYLIHWPTGFKPGKEFFPLDESGNVVPSDTNILDTWAAMEELVDEGLVKAIGISNFNHLQVEMILNKPGLKYKPAVNQIECHPYLTQEKLIQYCQSKGIVVTAYSPLGSPDRPWAKPEDPSLLEDPRIKAIAAKHNKTTAQVLIRFPMQRNLVVIPKSVTPERIAENFKVFDFELSSQDMTTLLSYNRNWRVCALLSCTSHKDYPFHEEF, FID ,c1cc2c(cc1F)[C@@]3(C[C@H](O2)C(=O)N)C(=O)NC(=O)N3,18.911703740422176,wt,origin sequence,KD
2INZ,ASRLLLNNGAKMPILGLGTWKSPPGQVTEAVKVAIDVGYRHIDCAHVYQNENEVGVAIQEKLREQVVKREELFIVSKLWCTYHEKGLVKGACQKTLSDLKLDYLDLYLIHWPTGFKPGKEFFPLDESGNVVPSDTNILDTWAAMEELVDEGLVKAIGISNFNHLQVEMILNKPGLKYKPAVNQIECHPYLTQEKLIQYCQSKGIVVTAYSPLGSPDRPWAKPEDPSLLEDPRIKAIAAKHNKTTAQVLIRFPMQRNLVVIPKSVTPERIAENFKVFDFELSSQDMTTLLSYNRNWRVCALLSCTSHKDYPFHEEF, OHP ,c1ccc(c(c1)CC(=O)O)O,12.562747589468906,wt,origin sequence,Ki
3QGT,MMEQVCDVFDIYAICACCKVESKNEGKKNEVFNNYTFRGLGNKGVLPWKCNSLDMKYFCAVTTYVNESKYEKLKYKRCKYLNKETVDNVNDMPNSKKLQNVVVMGRTSWESIPKKFKPLSNRINVILSRTLKKEDFDEDVYIINKVEDLIVLLGKLNYYKCFIIGGSVVYQEFLEKKLIKKIYFTRINSTYECDVFFPEINENEYQIISVSDVYTSNNTTLDFIIYKKTNNKMLNEQNCIKGEEKNNDMPLKNDDKDTCHMKKLTEFYKNVDKYKINYENDDDDEEEDDFVYFNFNKEKEEKNKNSIHPNDFQIYNSLKYKYHPEYQYLNIIYDIMMNGNKQSDRTGVGVLSKFGYIMKFDLSQYFPLLTTKKLFLRGIIEELLWFIRGETNGNTLLNKNVRIWEANGTREFLDNRKLFHREVNDLGPIYGFQWRHFGAEYTNMYDNYENKGVDQLKNIINLIKNDPTSRRILLCAWNVKDLDQMALPPCHILCQFYVFDGKLSCIMYQRSCDLGLGVPFNIASYSIFTHMIAQVCNLQPAQFIHVLGNAHVYNNHIDSLKIQLNRIPYPFPTLKLNPDIKNIEDFTISDFTIQNYVHHEKISMDMAA, CP6 ,CCc1c(c(nc(n1)N)N)c2ccc(cc2)Cl,21.234091460712403,wt,origin sequence,Ki
1V11_wt,SSLDDKPQFPGASAEFIDKLEFIQPNVISGIPIYRVMDRQGQIINPSEDPHLPKEKVLKLYKSMTLLNTMDRILYESQRQGRISFYMTNYGEEGTHVGSAAALDNTDLVFGQYREAGVLMYRDYPLELFMAQCYGNISDLGKGRQMPVHYGCKERHFVTISSPLATQIPQAVGAAYAAKRANANRVVICYFGEGAASEGDAHAGFNFAATLECPIIFFCRNNGYAISTPTSEQYRGDGIAARGPGYGIMSIRVDGNDVFAVYNATKEARRRAVAENQPFLIEAMTYRIGHASTSDDSSAYRSVDEVNYWDKQDHPISRLRHYLLSQGWWDEEQEKAWRKQSRRKVMEAFEQAERKPKPNPNLLFSDVYQEMPAQLRKQQESLARHLQTYGEHYPLDHFDK, TDP ,Cc1c(sc[n+]1Cc2cnc(nc2N)C)CCO[P@@](=O)(O)O[P@](=O)(O)[O-],13.345506928718539,wt,origin sequence,KD
3LQG,MASRILLNNGAKMPILGLGTWKSPPGQVTEAVKVAIDVGYRHIDCAHVYQNENEVGVAIQEKLREQVVKREELFIVSKLWCTYHEKGLVKGACQKTLSDLKLDYLDLYLIHWPAGFKPGKEFFPLDESGNVVPSDTNILDTWAAMEELVDEGLVKAIGISNFNHLQVEMILNKPGLKYKPAVNQIECHPYLTQEKLIQYCQSKGIVVTAYSPLGSPDRPWAKPEDPSLLEDPRIKAIAAKHNKTTAQVLIRFPMQRNLVVIPKSVTPERIAENFKVFDFELSSQDMTTLLSYNRNWRVCALLSCTSHKDYPFHEEF, 388 ,c1cc(c(cc1Cl)OCC(=O)O)C(=O)NCc2ccc(cc2F)Br,15.978333708583161,mt,T113A,KD
1SGU_mt,PQITLWQRPLVTIKIGGQLREALLDTGADDTIFEEISLPGRWKPKMIGGIGGFVKVRQYDQIPIEICGHKVIGTVLVGPTPANIIGRNLMTQIGCTLNF, MK1 ,CC(C)(C)NC(=O)[C@@H]1C[N@@](CC[N@]1C[C@H](C[C@@H](Cc2ccccc2)C(=O)N[C@H]3c4ccccc4C[C@H]3O)O)Cc5cccnc5,16.489159332349153,mt,V54I/V84I,Ki
2PDG_mt,ASRILLNNGAKMPILGLGTWKSPPGQVTEAVKVAIDVGYRHIDCAHIYQNENEVGVAIQEKLREQVVKREELFIVSKLWCTYHEKGLVKGACQKTLSDLKLDYLDLYLIHWPTGFKPGKEFFPLDESGNVVPSDTNILDTWAAMEELVDEGLVKAIGISNFNHLQVEMILNKPGLKYKPAVNQIECHPYLTQEKLIQYCQSKGIVVTAYSPLGSPDRPWAKPEDPSLLEDPRIKAIAAKHNKTTAQVLIRFPMQRNLVVIPKSVTPERIAENFKVFDFELSSQDMTTLLSYNRNWRVCALLSCTSHKDYPFHEEF, 47D ,c1cc2c(cc1Cl)nc(s2)CN3C(=O)C=CN(C3=O)CC(=O)O,15.185931569927874,mt,V47I,KD
3A20,MLPGTFFEVLKNEGVVAIATQGEDGPHLVNTWNSYLKVLDGNRIVVPVGGMHKTEANVARDERVLMTLGSRKVAGRNGPGTGFLIRGSAAFRTDGPEFEAIARFKWARAALVITVVSAEQTK, FMN ,Cc1cc2c(cc1C)N(C3=NC(=O)NC(=O)C3=N2)C[C@@H]([C@@H]([C@@H](COP(=O)(O)O)O)O)O,20.609937151639407,mt,L122K,KD
2PDL,MASRILLNNGAKMPILGLGTWKSPPGQVTEAVKVAIDVGYRHIDCAHVYQNENEVGVAIQEKLREQVVKREELFIVSKLWCTYHEKGLVKGACQKTLSDLKLDYLDLYLIHWPTGFKPGKEFFPLDESGNVVPSDTNILDTWAAMEELVDEGLVKAIGISNFNHLQVEMILNKPGLKYKPAVNQIECHPYLTQEKLIQYCQSKGIVVTAYSPLGSPDRPWAKPEDPSLLEDPRIKAIAAKHNKTTAQVLIRFPMQRNLVVIPKSVTPERIAENFKVFDFELSSQDMTTLLSYNRNWRVCALMSCTSHKDYPFHEEF, TOL ,CN(CC(=O)O)C(=S)c1cccc2c1ccc(c2C(F)(F)F)OC,14.377629476117816,mt,L301M,KD
7ABP,ENLKLGFLVKQPEEPWFQTEWKFADKAGKDLGFEVIKIAVPDGEKTLNAIDSLAASGAKGFVICTPDPKLGSAIVAKARGYDMKVIAVDDQFVNAKGKPMDTVPLVMLAATKIGERQGQELYKEMQKRGWDVKESAVMAITANELDTARRRTTGSMDALKAAGFPEKQIYQVPTKSNDIPGAFDAANSMLVQHPEVKHWLIVGMNDSTVLGGVRATEGQGFKAADIIGIGINGVDAVSELSKAQATGFYGSLLPSPDVHGYKSSEMLYNWVAKDVEPPKFTEVTDVVLITRDNFKEELEKKGLGGK, FCA ,Ligand broken in structure,14.865332682462952,mt,M108L,KD
2QFT,MESLTLQPIARVDGTINLPGSKSVSNRALLLAALAHGKTVLTNLLDSDDVRHMLNALTALGVSYTLSADRTRCEIIGNGGPLHAEGALELFLGNAGTAMRSLAAALCLGSNDIVLTGEPRMKERPIGHLVDALRLGGAKITYLEQENYPPLRLQGGFTGGNVDVDGSVSSQFLTALLMTAPLAPEDTVIRIKGDLVSKPYIDITLNLMKTFGVEIENQHYQQFVVKGGQSYQSPGTYLVEGDASSASYFLAAAAIKGGTVKVTGIGRNSMQGDIRFADVLEKMGATICWGDDYISCTRGELNAIDMDMNHIPDAAMTIATAALFAKGTTTLRNIYNWRVKETDRLFAMATELRKVGAEVEEGHDYIRITPPEKLNFAEIATYNDHRMAMCFSLVALSDTPVTILDPKCTAKTFPDYFEQLARISQAA, GPJ ,C(C(=O)O)[NH2+]CP(=O)(O)O,12.110762465725848,mt,P101S,Ki
2Q54_mt,PQITLWKRPLVTIRIGGQLKEALLDTGADDTVLEEMNLPGKWKPKMIGGIGGFIKVRQYDQIPIEICGHKAIGTVLVGPTPVNIIGRNLMTQIGCTLNF, MU1 ,CC(C)[C@@H](C(=O)N[C@@H](Cc1ccccc1)C[C@@H]([C@H](Cc2ccccc2)NC(=O)[C@@H]3CN(C(=O)O3)c4cccc(c4)C(=O)C)O)NC(=O)C,15.919244792213155,mt,L10I/A71V/G73S/I84V/L90M,Ki
1IYK_mt,MSGDNTGNKSNSAPSKSIEELLKLLAMGQELSPAQQKEMKDYKFWKTQPVPSLSETVTEEGPIDKLKTPEDVPNDPLPLISDFEWSTLDIDDNLQLDELYKLLYDNYVEDIDAAFRFKYSHEFFQWALKPPGWRKDWHVGVRVKSTGKLVAFIAATPVTFKLNKSNKVIDSVEINFLCIHKKLRNKRLAPVLIKEITRRVNKQNIWQALYTGGSILPTPLTTCRYQHRPINWSKLHDVGFSHLPPNQTKSSMVASYTLPNNPKLKGLRPMTGKDVSTVLSLLYKYQERFDIVQLFTEEEFKHWMLGHDENSDSNVVKSYVVEDENGVITDYFSYYLLPFTVLDNAQHDELGIAYLFYYASDSFEKPNYKKRLNELITDALITSKKFGVDVFNCLTCQDNTYFLKDCKFGSGDGFLNYYLFNYRTFPMDGGIDKKTKEVVEDQTSGIGVVLL, MIM ,Cc1nccn1CCCCc2ccc(cc2)CC(=O)N[C@@H](CO)C(=O)N[C@@H](CCCCN)C(=O)NCCC3CCCCC3,16.34123920227253,mt,T114A,Ki
2WDY,MGSSHHHHHHSSGLVPRGSHMSIIGVGIDVAEVERFGAALERTPALAGRLFLESELLLPGGERRGVASLAARFAAKEALAKALGAPAGLLWTDAEVWVEAGGRPRLRVTGTVAARAAELGVASWHVSLSHAAGIASAVVIAEG, COA ,CC(C)(CO[P@](=O)(O)O[P@@](=O)(O)OC[C@@H]1[C@H]([C@H]([C@@H](O1)n2cnc3c2ncnc3N)O)OP(=O)(O)O)[C@H](C(=O)NCCC(=O)NCCS)O,13.978029487462049,mt,D111A,KD
3KYG,SKTVSTINSTDALAMVEHSSELTLSITTPVGTKFVCRTPFIGTHTDKFLLVEMPKISADDLQYFFQEGFWMNIRAISPRGEGALIHFRSQLMHILQEPVPMAFLSIPNTMQVSQRRKEPRFELNLAGKVLFDEHRGDCELRDLSRSGCRFITPPLGKTYQVGDLVALEIFSDLRGTKTFPPLTGKICNLQRSLHHARYGLEFNEEGRNNAKNLLAQLKFNGTKLTLN, C2E ,c1nc2c(n1[C@H]3[C@@H]([C@H]4[C@H](O3)CO[P@@](=O)(O[C@@H]5[C@@H](CO[P@@](=O)(O4)O)O[C@H]([C@@H]5O)n6cnc7c6N=C(NC7=O)N)O)O)N=C(NC2,16.715932651713942,mt,L135R,KD
3G0E_mt,MRGARGAWDFLCVLLLLLRVQTGSSQPSVSPGEPSPPSIHPGKSDLIVRVGDEIRLLCTDPGFVKWTFEILDETNENKQNEWITEKAEATNTGKYTCTNKHGLSNSIYVFVRDPAKLFLVDRSLYGKEDNDTLVRCPLTDPEVTNYSLKGCQGKPLPKDLRFIPDPKAGIMIKSVKRAYHRLCLHCSVDQEGKSVLSEKFILKVRPAFKAVPVVSVSKASYLLREGEEFTVTCTIKDVSSSVYSTWKRENSQTKLQEKYNSWHHGDFNYERQATLTISSARVNDSGVFMCYANNTFGSANVTTTLEVVDKGFINIFPMINTTVFVNDGENVDLIVEYEAFPKPEHQQWIYMNRTFTDKWEDYPKSENESNIRYVSELHLTRLKGTEGGTYTFLVSNSDVNAAIAFNVYVNTKPEILTYDRLVNGMLQCVAAGFPEPTIDWYFCPGTEQRCSASVLPVDVQTLNSSGPPFGKLVVQSSIDSSAFKHNGTVECKAYNDVGKTSAYFNFAFKGNNKEQIHPHTLFTPLLIGFVIVAGMMCIIVMILTYKYLQKPMYEVQWKVDEEINGNNYVYIDPTQLPYDHKWEFPRNRLSFGKTLGAGAFGKVVEATAYGLIKSDAAMTVAVKMLKPSAHLTEREALMSELKVLSYLGNHMNIVNLLGACTIGGPTLVITEYCCYGDLLNFLRRKRDSFICSKQEDHAEAALYKNLLHSKESSCSDSTNEYMDMKPGVSYVVPTKADKRRSVRIGSYIERDVTPAIMEDDELALDLEDLLSFSYQVAKGMAFLASKNCIHRDLAARNILLTHGRITKICDFGLARDIKNDSNYVVKGNARLPVKWMAPESIFNCVYTFESDVWSYGIFLWELFSLGSSPYPGMPVDSKFYKMIKEGFRMLSPEHAPAEMYDIMKTCWDADPLKRPTFKQIVQLIEKQISESTNHIYSNLANCSPNRQKPVVDHSVRINSVGSTASSSQPLLVHDDV, B49 ,CCN(CC)CCNC(=O)c1c(c([nH]c1C)/C=C2/c3cc(ccc3NC2=O)F)C,19.241661296022194,mt,V560D,KD
2V8L_mt,ASIPSSASVQLDSYNYDGSTFSGKIYVKAIAYSKKVTVVYADGSDNWNNNGNIIAASFSGPISGSNYEYWTFSASVKGIKEFYIKYEVSGKTYYDNNNSANYQVST, GLC ,C([C@@H]1[C@H]([C@@H]([C@H]([C@H](O1)O)O)O)O)O,11.72364649628588,mt,N29A,KD
2JDM,ATQGVFTLPANTRFGVTAFANASGTQTVNVLVNNETAATFSGQSTNNAVIGTQVLNSGSSGKVQVQVSVNGRPSDLVSAQVILTNELNFALVGSEDGTDNDYNDAVVVINWPLG, MFU ,C[C@H]1[C@H]([C@H]([C@@H]([C@@H](O1)OC)O)O)O,12.439266532697886,mt,S22A,KD
1AKU,MPKALIVYGSTTGNTEYTAETIARELADAGYEVDSRDAASVEAGGLFEGFDLVLLGCSTWGDDSIELQDDFIPLFDSLEETGAQGRKVACFGCGASSYEYFCGAVDAIEEKLKNLGAEIVQDGLRIDGDPRAARDDIVGWAHDVRGAI, FMN ,Cc1cc2c(cc1C)N(C3=NC(=O)NC(=O)C3=N2)C[C@@H]([C@@H]([C@@H](COP(=O)(O)O)O)O)O,14.10854023674265,mt,D95A,KD
1HNN_mt,MSGADRSPNAGAAPDSAPGQAAVASAYQRFEPRAYLRNNYAPPRGDLCNPNGVGPWKLRCLAQTFATGEVSGRTLIDIGSGPTVYQLLSACSHFEDITMTDFLEVNRQELGRWLQEEPGAFNWSMYSQHACLIEGKGECWQDKERQLRARVKRVLPIDVHQPQPLGAGSPAPLPADALVSAFCLEAVSPDLASFQRALDHITTLLRPGGHLLLIGALEESWYLAGEARLTVVPVSEEEVREALVRSGYKVRDLRTYIMPAHLQTGVADVKGVFFAWAQKVGL, SKF ,c1cc2c(cc1S(=O)(=O)N)CNCC2,8.044069434834258,mt,D267A,Ki
3LQL,MASRILLNNGAKMPILGLGTWKSPPGQVTEAVKVAIDVGYRHIDCAHVYQNENEVGVAIQEKLREQVVKREELFIVSKLWCTYHEKGLVKGACQKTLSDLKLDYLDLYLIHWPAGFKPGKEFFPLDESGNVVPSDTNILDTWAAMEELVDEGLVKAIGISNFNHLQVEMILNKPGLKYKPAVNQIECHPYLTQEKLIQYCQSKGIVVTAYSPLGSPDRPWAKPEDPSLLEDPRIKAIAAKHNKTTAQVLIRFPMQRNLVVIPKSVTPERIAENFKVFDFELSSQDMTTLLSYNRNWRVCALLSCTSHKDYPFHEEF, LDT ,c1cc(c(cc1F)OCC(=O)O)C(=S)NCc2ccc(cc2F)Br,14.167908945135746,mt,T113A,KD
2R43,PQITLWQRPLVTIKIGGQLKEALLDTGADDTVLEEMSLPGRWKPKMIGGVGGFIKVRQYDQILIEICGHKAIGTVLVGPTPVNIIGRNLLTQIGCTLNF, G3G ,c1ccc(cc1)CN([C@H]2CNC[C@@H]2N(Cc3ccccc3)S(=O)(=O)c4ccc(cc4)N)S(=O)(=O)c5ccc(cc5)N,13.815510557964274,mt,I50V,Ki
1YON_mt,MKITVLGCGALGQLWLTALCKQGHEVQGWLAVPQPYCSVNLVETDGSIFNESLTANDPDFLATSDLLLVTLKAWQVSDAVKSLASTLPVTTPILLIHNGMGTIEELQNIQQPLLMGTTTHAARRDGNVIIHVANGITHIGPARQQDGDYSYLADILQTVLPDVAWHNNIRAELWRKLAVNCVINPLTAIWNCPNGELRHHPQEIMQICEEVAAVIEREGHHTSAEDLRDYVMQVIDATAENISSMLQDIRALRHTEIDYINGFLLRRARAHGIAVPENTRLFEMVKRKESEYERIGTGLPRPW, APX ,c1nc2c(n1[C@H]3[C@@H]([C@@H]([C@H](O3)CO[P@](=O)(O)O[P@](=O)(O)OC[C@@H]4[C@H]([C@H]([C@@H](O4)O)O)O)O)OP(=O)(O)O)[NH2+]CNC2N,8.532306829226286,mt,R31A,KD
2W3A_mt,VGSLNCIVAVSQNMGIGKNGDLPWPPLRNEFRYFKRMTTTSSVEGKQNLVIMGKKTWFSIPEKNRPLKGRINLVLSRELKEPPQGAHFLSRSLDDALKLTEQPELANKVDMVWIVGGSSVYKEAMNHPGHLKLFVTRIMQDFESDTFFPEIDLEKYKLLPEYPGVLSDVQEEKGIKYKFEVYEKND, NDP ,c1nc(c2c(n1)n(cn2)[C@H]3[C@@H]([C@@H]([C@H](O3)CO[P@](=O)(O)O[P@@](=O)(O)OC[C@@H]4[C@H]([C@H]([C@@H](O4)N5C=CCC(=C5)C(=O)N)O)O)O,11.289781913656018,mt,Q35K,Km
1QDS,MSAKPQPIAAANWKCNGTTASIEKLVQVFNEHTISHDVQCVVAPTFVHIPLVQAKLRNPKYVISAQNAIAKSGAFTGEVSMPILKDIGVHWVILGHSERRTYYGETDEIVAQKVSEACKQGFMVIACIGETLQQREANQTAKVVLSQTSAIAAKLTKDAWNQVVLAYEPVWAIGTGKVATPEQAQEVHLLLRKWVSENIGTDVAAKLRILYGGSVNAANAATLYAKPDINGFLVGGASLKPEFRDIIDATR, PGA ,C(C(=O)O)OP(=O)(O)O,9.944309547056383,mt,E65Q,Ki
1E2L,MPTLLRVYIDGPHGMGKTTTTQLLVALGSRDDIVYVPEPMTYWRVLGASETIANIFTTQHRLDQGEISAGDAAVVMTSAQITMGMPYAVTDAVLAPHIGGEAGSSHAPPPALTLIFDRHPIAALLCYPAARYLMGSMTPQAVLAFVALIPPTLPGTNIVLGALPEDRHIDRLAKRQRPGERLDLAMLAAIRRVYGLLANTVRYLQCGGSWREDWGQLSGTAVPPQGAEPQSNAGPRPHIGDTLFTLFRAPELLAPNGDLYNVFAWALDVLAKRLRSMHVFILDYDQSPAGCRDALLQLTSGMVQTHVTTPGSIPTICDLARTFAREMGEAN, TMC ,CC1=CN(C(=O)NC1=O)[C@H]2C[C@@H]([C@]3([C@@H]2C3)CO)O,9.873928750294583,mt,Y101F,Ki
2ZGA_mt,PQITLWQRPLVTIKIGGQLKEALLDTGADDTVLEEMSLPGRWKPKMIGGVGGFIKVRQYDQILIEICGHKAIGTVLVGPTPVNIIGRNLLTQIGCTLNF, YDP ,CC(=CCN([C@H]1CNC[C@@H]1N(CC=C(C)C)S(=O)(=O)c2ccc(cc2)C(=O)N)S(=O)(=O)c3ccc(cc3)C(=O)N)C,11.250561200502737,mt,I50V,Ki
1N92_mt,STAGKVIKCKAAVLWEEKKPFSIEEVEVAPPKAHEVRIKMVATGICRSDDHVVSGTLVTPLPVIAGHEAAGIVESIGEGVTTVRPGDKVIPLFTPQCGKCRVCKHPEGNFCLKNDLSMPRGTMQDGTSRFTCRGKPIHHFLGTSTFSQYTVVDEISVAKIDAASPLEKVCLIGCGFSVGYGSAVKVAKVTQGSTCAVFGLGGVGLSVIMGCKAAGAARIIGVDINKDKFAKAKEVGATECVNPQDYKKPIQEVLTEMSNGGVDFSFEVIGRLDTMVTALSCCQEAYGVSVIVGVPPDSQNLSMNPMLLLSGRTWKGAIFGGFKSKDSVPKLVADFMAKKFALDPLITHVLPFEKINEGFDLLRSGESIRTILTF, NAJ ,c1cc(c[n+](c1)[C@H]2[C@@H]([C@@H]([C@H](O2)COP(=O)([O-])OP(=O)([O-])OC[C@@H]3[C@H]([C@H]([C@@H](O3)n4cnc5c4nc[nH+]c5N)O)O)O)O)C(,8.254828926948747,mt,T178V,Ki
1A9M,PQITLWQRPLVTIKIGGQLKEALLDTGADDTVLEEMSLPGRWKPKMIHGIGGFIKVRQYDQILIEICGHKAIGTVLVGPTPVNIIGRNLLTQIGCTLNF, U0E ,CC(C)[C@H](C[C@@H]([C@H](CC1CCCCC1)NC(=O)C)O)C(=O)N[C@@H](CCC(=O)N)C(=O)N[C@@H](CCCNC(=N)N)C(=O)N,15.944142343834882,mt,G48H,Ki
2YGE,MASETFEFQAEITQLMSLIINTVYSNKEIFLRELISNASDALDRIRYKSLSDPKQLETEPDLFIRITPKPEQKVLEIRDSGIGMTKAELINNLGTIANSGTKAFMEALSAGADVSMIGQFGVGFYSLFLVADRVQVISKSNDDEQYIWESNAGGSFTVTLDEVNERIGRGTILRLFLKDDQLEYLEEKRIKEVIKRHSEFVAYPIQLVVTKEVEKEVPIP, GDM ,C[C@H]1C[C@@H]([C@@H]([C@H](C=C([C@@H]([C@H](C=C/C=C(/C(=O)NC2=CC(=O)C(=C(C1)C2=O)OC)C)OC)OC(=O)N)/C)C)O)OC,10.688750022003878,mt,E88G/N92L,KD
2CC7_mt,MVFKKVLLTGTSEESFTAAADDAIDRAEDTLDNVVWAEVVDQGVHIGAVEERTYQTEVQVAFELDGSQ, LUM ,Cc1cc2c(cc1C)nc3c(n2)C(=O)NC(=O)N3,19.19720953345136,mt,E45H,KD
2I0D_mt,PQITLWKRPLVTIRIGGQLKEALLDTGADDTVLEEMNLPGKWKPKMIGGIGGFIKVRQYDQIPIEICGHKAIGTVLVGPTPVNIIGRNLMTQIGCTLNF, MUT ,CC(C)C[N@@](C[C@H]([C@H](Cc1ccccc1)NC(=O)[C@@H]2CN(C(=O)O2)c3cccc(c3)C(=O)C)O)S(=O)(=O)c4ccc(cc4)OC,19.5113248629713,mt,L10I/A71V/G73S/I84V/L90M,Ki
3E9B_mt,MSSKPKPIEIIGAPFSKGQPRGGVEKGPAALRKAGLVEKLKETEYNVRDHGDLAFVDVPNDSPFQIVKNPRSVGKANEQLAAVVAETQKNGTISVVLGGDHSMAIGSISGHARVHPDLCVIWVDAHTDIATPLTASSGNLHGQPVAFLLKELKGKFPDVPGFSWVTPCISAKDIVYIGLRDVDPGEHYIIKTLGIKYFSMTEVDKLGIGKVMEETFSYLLGRKKRPIHLSFDVDGLDPVFTPATGTPVVGGLSYREGLYITEEIYKTGLLSGLDIMEVNPTLGKTPEEVTRTVNTAVALTLSCFGTKREGNHKPETDYLKPPK, S2C ,[B-](CCSC[C@@H](C(=O)O)N)(O)(O)O,11.250561200502737,mt,A135T/N130A,Ki
2WZF_mt,MKARRDQQLSKLRMRFFSALNHTSEIDLQVLFNDLKSILTLDSIEHLKEGSVAYAIIQELLKQDDAQNKIQSFLHGAIKNVIHPGVIKGLTPDEINWNVAKAYPKYYEHEEFPDVTFGGFKVRDSNEFKFKTNIQTSIWFSIKPDLFMPSKQQEALKRRREQYPGCEIRLIYSSSLLNAEANRQMKAFARKQNISLIDIDSVKTDSPLYPLLKAELAHLGKGGNPAAASDLCRWIPELFNEGFYVDIDLPVDSSKIVEGHQITGGVPIMLNMGSIISEPIAPHHRRQEAVCMNTDIIAYSNDKRTQKMMDTVARYLKNIYDDPYTALKDTPLAQTAFFNKCQEERKSIFDLRKGLQDAFRSDSLLQLYDFLGADKFKEVFKLKEAQSKYINEHISEFSEKDLLLNLISDKPSEISQHTLDFVKAKAMYIDIAKEHYSAFYKPLVEEISGPGAIYNALGGAGSFTTTHRRLTGPMLPTTPPRVLQVFCDAHDKGPFVSDNIARWQTNVRDLGVLNREGLAWLPSVG, UDP ,Ligand broken in structure,16.11809565095832,mt,S519A,KD
1BF3,MKTQVAIIGAGPSGLLLGQLLHKAGIDNVILERQTPDYVLGKIRAGVLEQGMVDLLREAGVDRRMARDGLVHEGVEIAFAGQRRRIDLKRLSGGKTVTVYGQTEVTRDLMEAREASGATTVYQAAEVRLHDLQGERPYVTFERDGERLRLDCDYIAGCDGFHGISRQSIPAERLKVFERVYPFGWLGLLADTPPVSHELIYANHPRGFALCSQRSATRSRYYVQVPLTEKVEDWSDERFWTELKARLPAEVAEKLVTGPSLEKSIAPLRSFVVEPMQHGRLFLAGDAAHIVPPTGAKGLNLAASDVSTLYRLLLKAYREGRGELLERYSAICLRRIWKAERFSWWMTSVLHRFPDTDAFSQRIQQTELEYYLGSEAGLATIAENYVGLPYEEIE, PHB ,c1cc(ccc1C(=O)O)O,9.028018815182229,mt,R42K,KD
1IYK_mt,MSGDNTGNKSNSAPSKSIEELLKLLAMGQELSPAQQKEMKDYKFWKTQPVPSLSETVTEEGPIDKLKTPEDVPNDPLPLISDFEWSTLDIDDNLQLDELYKLLYDNYVEDIDATFRFKYSHEFFQWALKPPGWRKDWHVGVRVKSTGKLVAFIAATPVTFKLNKSNKVIDSVEINFLCIHKKLRNKRLAPVLIKEITRRVNKQNIWQALYTGGSILPTPLTTCRYQHRAINWSKLHDVGFSHLPPNQTKSSMVASYTLPNNPKLKGLRPMTGKDVSTVLSLLYKYQERFDIVQLFTEEEFKHWMLGHDENSDSNVVKSYVVEDENGVITDYFSYYLLPFTVLDNAQHDELGIAYLFYYASDSFEKPNYKKRLNELITDALITSKKFGVDVFNCLTCQDNTYFLKDCKFGSGDGFLNYYLFNYRTFPMDGGIDKKTKEVVEDQTSGIGVVLL, MIM ,Cc1nccn1CCCCc2ccc(cc2)CC(=O)N[C@@H](CO)C(=O)N[C@@H](CCCCN)C(=O)NCCC3CCCCC3,15.01948336229021,mt,P229A,Ki
3EIG_mt,VGSLNCIVAVSQNMGIGKNGDLPWPPLRNERRYFQRMTTTSSVEGKQNLVIMGKKTWFSIPEKNRPLKGRINLVLSRELKEPPQGAHFLSRSLDDALKLTEQPELANKVDMVWIVGGSSVYKEAMNHPGHLKLFVTRIMQDFESDTFFPEIDLEKYKLLPEYPGVLSDVQEEKGIKYKFEVYEKND, MTX ,CN(Cc1cnc2c(n1)c(nc(n2)N)N)c3ccc(cc3)C(=O)N[C@@H](CCC(=O)O)C(=O)O,20.627955657142085,mt,E35Q,Ki
4B7J_mt,MNPNQKIITIGSVCMTIGMANLILQIGNIISIWISHSIQLGNQNQIETCNQSVITYENNTWVNQTYVNISNTNFAAGQSVVSVKLAGNSSLCPVSGWAIYSKDNSIRIGSKGDVFVIREPFISCSPLECRTFFLTQGALLNDKHSNGTIKDRSPYRTLMSCPIGEVPSPYNSRFESVAWSASACHDGINWLTIGISGPDNGAVAVLKYNGIITDTIKSWRNNRLRTQESECACVNGSCFTVMTDGPSDGQASYKIFRIEKGKIVKSVEMNAPNYYYEECSCYPDSSEITCVCRDNWHGSNRPWVSFNQNLEYQIGYICSGIFGDNPRPNDKTGSCGPVSSNGANGVKGFSFKYGNGVWIGRTKSISSRNGFEMIWDPNGWTGTDNDFSIKQDIVGINEWSGYSGSFVQHPELTGLDCIRPCFWVELIRGRPKENTIWTSGSSISFCGVNSDTVGWSWPDGAELPFTIDK, G39 ,CCC(CC)O[C@@H]1C=C(C[C@@H]([C@H]1NC(=O)C)N)C(=O)O,13.255894770028851,mt,H275Y,Ki
3C3U_mt,MDSKYQCVKLNDGHFMPVLGFGTYAPAEVPKSKALEATKLAIEAGFRHIDSAHLYNNEEQVGLAIRSKIADGSVKREDIFYTSKLWCNSHRPELVRPALERSLKNLQLDYVDLYLIHFPVSVKPGEEVIPKDENGKILFDTVDLCATWEAVEKCKDAGLAKSIGVSNFNRRQLEMILNKPGLKYKPVCNQVECHPYFNQRKLLDFCKSKDIVLVAYSALGSHREEPWVDPNSPVLLEDPVLCALAKKHKRTPALIALRYQLQRGVVVLAKSYNEQRIRQNVQVFEFQLTSEEMKAIDGLNRNVRYATLDIFAGPPNYPFSDEY, C2U ,c1c(cc(c(c1C(=O)O)O)Cl)Cl,15.124843877948036,mt,L306A,Ki
2WZF_mt,MKARRDQQLSKLRMRFFSALNHTSEIDLQVLFNDLKSILTLDSIEHLKEGSVAYAIIQELLKQDDAQNKIQSFLHGAIKNVIHPGVIKGLTPDEINWNVAKAYPKYYEHEEFPDVTFGGFKVRDSNEFKFKTNIQTSIWFSIKPDLFMPSKQQEALKRRREQYPGCEIRLIYSSSLLNAEANRQMKAFARKQNISLIDIDSVKTDSPLYPLLKAELAHLGKGGNPAAASDLCRWIPELFNEGFYVDIALPVDSSKIVEGHQITGGVPIMLNMGSIISEPIAPHHRRQEAVCMNTDIIAYSNDKRTQKMMDTVARYLKNIYDDPYTALKDTPLAQTAFFNKCQEERKSIFDLRKGLQDAFRSDSLLQLYDFLGADKFKEVFKLKEAQSKYINEHISEFSEKDLLLNLISDKPSEISQHTLDFVKAKAMYIDIAKEHYSAFYKPLVEEISGPGAIYNALGGAGSFTTTHRRLTGPMLPTTPPRVLQVFCDAHDKGPFVSDNIARWQTNVRDLGVLNREGLSWLPSVG, UDP ,Ligand broken in structure,13.825560893817775,mt,D248A,KD
3UM8_mt,MMEQVCDVFDIYAICACCKVESKNEGKKNEVFNNYTFRGLGNKGVLPWKCNSLDMKYFCAVTTYVNESKYEKLKYKRCKYLNKETVDNVNDMPNSKKLQNVVVMGRTTWESIPKKFKPLSNRINVILSRTLKKEDFDEDVYIINKVEDLIVLLGKLNYYKCFIIGGSVVYQEFLEKKLIKKIYFTRINSTYECDVFFPEINENEYQIISVSDVYTSNNTTLDFIIYKKTNNKMLNEQNCIKGEEKNNDMPLKNDDKDTCHMKKLTEFYKNVDKYKINYENDDDDEEEDDFVYFNFNKEKEEKNKNSIHPNDFQIYNSLKYKYHPEYQYLNIIYDIMMNGNKQSDRTGVGVLSKFGYIMKFDLSQYFPLLTTKKLFLRGIIEELLWFIRGETNGNTLLNKNVRIWEANGTREFLDNRKLFHREVNDLGPIYGFQWRHFGAEYTNMYDNYENKGVDQLKNIINLIKNDPTSRRILLCAWNVKDLDQMALPPCHILCQFYVFDGKLSCIMYQRSCDLGLGVPFNIASYSIFTHMIAQVCNLQPAQFIHVLGNAHVYNNHIDSLKIQLNRIPYPFPTLKLNPDIKNIEDFTISDFTIQNYVHHEKISMDMAA, 1CY ,CC1(N=C(N=C(N1c2ccc(cc2)Cl)N)N)C,16.190666343793154,mt,A16C/S108T,Ki
2PSV_mt,PQITLWKRPLVTIRIGGQLKEALLDTGADDTVLEEMNLPGKWKPKMIGGIGGFIKVRQYDQIPIEICGHKAIGTVLVGPTPANIIGRNLLTQIGCTLNF, MUV ,CNC(=O)CCC(=O)N[C@@H](Cc1ccccc1)[C@@H](C[N@](CC2CC2)S(=O)(=O)c3ccco3)O,13.553146293496782,mt,L10I/G48V/I54V/V82A,Ki
1P7T_mt,MAQTITQSRLRIDANFKRFVDEEVLPGTGLDAAAFWRNFDEIVHDLAPENRQLLAERDRIQAALDEWHRSNPGPVKDKAAYKSFLRELGYLVPQPERVTVETTGIDSEITSQAGPQLVVPAMNARYALNAANARWGSLYDALYGSDIIPQEGAMVSGYDPQRGEQVIAWVRRFLDESLPLENGSYQDVVAFKVVDKQLRIQLKNGKETTLRTPAQFVGYRGDAAAPTCILLKNNGLHIELQIDANGRIGKDDPAHINDVIVEAAISTILDCEDSVAAVDAEDKILLYRNLLGLMQGTLQEKMEKNGRQIVRKLNDDRHYTAADGSEISLHGRSLLFIKNVGHLMTIPVIWDSEGNEIPEGILDGVMTGAIALYDLKVQKNSRTGSVYIVKPKMHGPQEVAFANKLFTRIETMLGMAPNTLKMGIMDEERRTSLNLRSCIAQARNRVAFINTGFLDRTGDEMHSVMEAGPMLRKNQMKSTPWIKAYERNNVLSGLFCGLRGKAQIGKGMWAMPDLMADMYSQKGDQLRAGANTAWVPSPTAATLHALHYHQTNVQSVQANIAQTEFNAEFEPLLDDLLTIPVAENANWSAQEIQQELDNNVQGILGYVVRWVEQGIGCSKVPDIHNVALMEDRATLRISSQHIANWLRHGILTKEQVQASLENMAKVVDQQNAGDPAYRPMAGNFANSCAFKAASDLIFLGVKQPNGYTEPLLHAWRLREKESHLEHHHHHH, ACO ,CC(=O)SCCNC(=O)CCNC(=O)[C@@H](C(C)(C)CO[P@](=O)(O)O[P@@](=O)(O)OC[C@@H]1[C@H]([C@H]([C@@H](O1)n2cnc3c2ncnc3N)O)OP(=O)(O)O)O,9.115030192171858,mt,R338K,Km
1GZ3,HIKEKGKPLMLNPRTNKGMAFTLQERQMLGLQGLLPPKIETQDIQALRFHRNLKKMTSPLEKYIYIMGIQERNEKLFYRILQDDIESLMPIVYTPTVGLACSQYGHIFRRPKGLFISISDRGHVRSIVDNWPENHVKAVVVTDGERILGLGDLGVYGMGIPVGKLCLYTACAGIRPDQCLPVCIDVGTDNIALLKDPFYMGLYQKRDRTQQYDDLIDEFMKAITDRYGRNTLIQFEDFGNHNAFRFLRKYREKYCTFNDDIQGTAAVALAGLLAAQKVISKPISEHKILFLGAGEAALGIANLIVMSMVENGLSEQEAQKKIWMFDKYGLLVKGRKAKIDSYQEPFTHSAPESIPDTFEDAVNILKPSTIIGVAGAGRLFTPDVIRAMASINERPVIFALSNPTAQAECTAEEAYTLTEGRCLFASGSPFGPVKLTDGRVFTPGQGNNVYIFPGVALAVILCNTRHISDSVFLEAAKALTSQLTDEELAQGRLYPPLANIQEVSINIAIKVTEYLYANKMAFVYPEPEDKAKYVKEQTWRSEYDSLLPDVYEWP, ATP ,c1nc(c2c(n1)n(cn2)[C@H]3[C@@H]([C@@H]([C@H](O3)CO[P@@](=O)(O)O[P@](=O)(O)OP(=O)(O)O)O)O)N,8.517193191416238,mt,R197Q/R542V/R556Q,Ki
1MGO,STAGKVIKCKAAVLWEEKKPFSIEEVEVAPPKAHEVRIKMVATGICRSDDHVVSGTLVTPLPVIAGHEAAGIVESIGEGVTTVRPGDKVIPLATPQCGKCRVCKHPEGNFCLKNDLSMPRGTMQDGTSRFTCRGKPIHHFLGTSTFSQYTVVDEISVAKIDAASPLEKVCLIGCGFSTGYGSAVKVAKVTQGSTCAVFGLGGVGLSVIMGCKAAGAARIIGVDINKDKFAKAKEVGATECVNPQDYKKPIQEVLTEMSNGGVDFSFEVIGRLDTMVTALSCCQEAYGVSVIVGVPPDSQNLSMNPMLLLSGRTWKGAIFGGFKSKDSVPKLVADFMAKKFALDPLITHVLPFEKINEGFDLLRSGESIRTILTF, PFB ,C(c1c(c(c(c(c1F)F)F)F)F)O,9.883684925239947,mt,F93A,Ki
3OKP_mt,MSASRKTLVVTADFPPRIGGIQSYLRDFIATQDPESIVVFASTQNAEEAHAYDKTLDYEVIRWPRSVMLPTPTTAHAMAEIIREREIDNVWFGAAAPLALMAGTAKQAGASKVIASTHGHEVGWSMLPGSRQSLRKIGTEVDVLTYISQYTLRRFKSAFGSHPTFEHLPSGVDVKRFTPATPEDKSATRKKLGFTDTTPVIACNSRLVPRKGQDSLIKAMPQVIAARPDAQLLIVGSGRYESTLRRLATDVSQNVKFLGRLEYQDMINTLAAADIFAMPARTRGGGLDVEGLGIVYLEAQACGVPVIAGTSGGAPETVTPATGLVVEGSDVDKLSELLIELLDDPIRRAAMGAAGRAHVEAEWSWEIMGERLTNILQSEPRKLAAALEHHHHHH, GDD ,c1nc2c(n1[C@H]3[C@@H]([C@@H]([C@H](O3)CO[P@](=O)(O)O[P@](=O)(O)O[C@@H]4[C@H]([C@H]([C@@H]([C@H](O4)CO)O)O)O)O)O)N=C(NC2=O)N,10.799975657114103,mt,N12A,KD
2I0A_mt,PQITLWKRPLVTIRIGGQLKEALLDTGADDTVLEEMNLPGKWKPKMIGGIGGFIKVRQYDQIPIEICGHKAIGTVLVGPTPVNIIGRNLMTQIGCTLNF, MUI ,CC(C)C[N@@](C[C@H]([C@H](Cc1ccccc1)NC(=O)[C@@H]2CN(C(=O)O2)c3ccc(cc3)C(=O)C)O)S(=O)(=O)c4ccc(cc4)OC,20.060577863871174,mt,L10I/A71V/G73S/I84V/L90M,Ki
1NJE_mt,MLEQPYLDLAKKVLDEGHFKPDRTHTGTYSIFGHQMRFDLSKGFPLLTTKKVPFGLIKSELLWFLHGDTNIRFLLQHRNHIWDEWAFEKWVKSDEYHGPDMTDFGHRSQKDPEFAAVYHEEMAKFDDRVLHDDAFAAKYGDLGLVYGSQWRAWHTSKGDTIDQLGDVIEQIKTHPYSRRLIVSAWNPEDVPTMALPPCHTLYQFYVNDGKLSLQLYQRSADIFLGVPFWIASYALLTHLVAHECGLEVGEFIHTFGDAHLYVNHLDQIKEQLSRTPRPAPTLQLNPDKHDIFDFDMKDIKLLNYDPYPAIKAPVAV, DCM ,C1[C@@H]([C@H](O[C@H]1N2C=CC(=NC2=O)N)COP(=O)(O)O)O,8.254828926948747,mt,N229W,Ki
2HA3_mt,EGREDPQLLVRVRGGQLRGIRLKAPGGPVSAFLGIPFAEPPVGSRRFMPPEPKRPWSGVLDATTFQNVCYQYVDTLYPGFEGTEMWNPNRELSEDCLYLNVWTPYPRPASPTPVLIWIYGGGFYSGAASLDVYDGRFLAQVEGAVLVSMNYRVGTFGFLALPGSREAPGNVGLLDQRLALQWVQENIAAFGGDPMSVTLFGEAAGAASVGMHILSLPSRSLFHRAVLQSGTPNGPWATVSAGEARRRATLLARLVGCPPGGAGGNDTELIACLRTRPAQDLVDHEWHVLPQESIFRFSFVPVVDGDFLSDTPEALINTGDFQDLQVLVGVVKDEGSYFLVYGVPGFSKDNESLISRAQFLAGVRIGVPQASDLAAEAVVLHYTDWLHPEDPTHLRDAMSAVVGDHNVVCPVAQLAGRLAAQGARVYAYIFEHRASTLTWPLWMGVPHGYEIEFIFGLPLDPSLNYTTEERIFAQRLMKYWTNFARTGDPNDPRDSKSPQWPPYTTAAQQYVSLNLKPLEVRRGLRAQTCAFWNRFLPKLLSAT, CHT ,C[N+](C)(C)CCO,5.683979847360021,mt,S203A,KD
3ZY2_mt,MRVSKVLTLASFISVCSYSEAKSNETDPNGYIVFCPCMGRFGNQVDQFLGVLAFAKALDRTLVLPNFIEFKHPETKMIPFEFLFQVGTVAKYTRVVTMQEFTKKIMPTVWPPEKRKAFCWTPRQAIYDKSAEPGCHSKEGNPFGPYWDQIDVSFVGDEYFGDIPGGFDLNQMGSRKKWLEKFPSEEYPVLAFSSAPAPFPSKGKVWSIQKYLRWSSRITEQAKKFISANLAKPFVAVHLKNDADWVRVCEHIDTTTNRPLFASEQCLGEGHHLGTLTKEICSPSKQQILEQIVEKVGSIGAKSVFVASDKDHMIDEINEALKPYEIEAHRQEPDDMYTSLAIMGRADLFVGNCVSTFSHIVKRERDHAGQSPRPSAFFGIRAVKRHIDL, GDP ,c1nc2c(n1[C@H]3[C@@H]([C@@H]([C@H](O3)CO[P@](=O)(O)OP(=O)(O)O)O)O)N=C(NC2=O)N,9.701363368445994,mt,R240K,KD
2C80_mt,MTGDHIKVIYFNGRGRAESILMTLVAAGVNYEDERISFQDWPKIKPTIPGGRLPAVKITDNHGHVKWMVESLAIARYMAKKHHMMGGTEEEYYNVEKLIGQAEDLEHEYYKTLMKPEEEKQKIIKEILNGKVPVLLDIICESLKASTGKLAVGDKVTLADLVLIAVIDHVTDLDKEFLTGKYPEIHKHRENLLASSPRLAKYLSDRAATPF, GTX ,CCCCCCSC[C@@H](C(=O)NCC(=O)O)NC(=O)CC[C@@H](C(=O)O)[NH3+],11.445266816496414,mt,R21L,KD
3CWK_mt,PNFSGNWKIIRSENFEELLKVLGVNVMLRKIAVAAASKPAVEIKQEGDTFYIKTSTTVRTTEINFKVGEEFEEQTVDGRPCKSLVKWESENKMVCEQKLLKGEGPKTSWTLELTNDGELIETMTADDVVCTKVFVRE, REA ,CC1=C(C(CCC1)(C)C)C=CC(=CC=CC(=CC(=O)O)C)C,16.11809565095832,mt,L111R/E121L/V54T,KD
2PSV_mt,PQITLWKRPLVTIRIGGQLKEALLDTGADDTVLEEMNLPGKWKPKMIGGIGGFIKVRQYDQIPIEICGHKAIGTVLVGPTPVNIIGRDLLTQIGCTLNF, MUV ,CNC(=O)CCC(=O)N[C@@H](Cc1ccccc1)[C@@H](C[N@](CC2CC2)S(=O)(=O)c3ccco3)O,15.85573138649083,mt,D30N/N88D,Ki
1OWB_mt,ADTKAKLTLNGDTAVELDVLKGTLGQDVIDIRTLGSKGVFTFDPGFTSTASCESKITFIDGDEGILLHRGFPIDQLATDSNYLEVCYILLNGEKPTQEQYDEFKTTVTRHTMIHEQITRLFHAFRRDSHPMAVMCGITGALAAFYHDSLDVNNPRHREIAAFRLLSKMPTMAAMCYKYSIGQPFVYPRNDLSYAGNFLNMMFSTPCEPYEVNPILERAMDRILILHADHEQNASTSTVRTAGSSGANPFACIAAGIASLWGPAHGGANEAALKMLEEISSVKHIPEFFRRAKDKNDSFRLMGFGHRVYKNYDPRATVMRETCHEVLKELGTKDDLLEVAMELENIALNDPYFIEKKLYPNVDFYSGIILKAMGIPSSMFTVIFAMARTVGWIAHWSEMHSDGMKIARPRQLYTGYEKRDFKSDIKR, NAD ,c1cc(c[n+](c1)[C@H]2[C@@H]([C@@H]([C@H](O2)CO[P@@](=O)([O-])O[P@@](=O)(O)OC[C@@H]3[C@H]([C@H]([C@@H](O3)n4cnc5c4ncnc5N)O)O)O)O)C,12.055929987100454,mt,R163L/L109R,KD
2PYN,PQITLWQRPLVTIKIGGQLKEALLDTGADNTVLEEMSLPGAWKPKMIGGIGGFIKVRQYDQILIEICGHKVIGTVLVGPTPVNIIGRNLLTQIGCTLNF, 1UN ,Cc1c(cccc1O)C(=O)N[C@@H](CSc2ccccc2)[C@@H](C[N@@]3C[C@H]4CCCC[C@H]4C[C@H]3C(=O)NC(C)(C)C)O,18.7773556878911,mt,A71V,KD
1U72_mt,VGSLNCIVAVSQNMGIGKNGDFPWPPLRNEFRYFQRMTTTSSVEGKQNLVIMGKKTWFSIPEKNRPLKGRINLVLSRELKEPPQGAHFLSRSLDDALKLTEQPELANKVDMVWIVGGSSVYKEAMNHPGHLKLFVTRIMQDFESDTFFPEIDLEKYKLLPEYPGVLSDVQEEKGIKYKFEVYEKND, MTX ,CN(Cc1cnc2c(n1)c(nc(n2)N)N)c3ccc(cc3)C(=O)N[C@@H](CCC(=O)O)C(=O)O,14.420646861201506,mt,L22F,Ki
1TPZ_mt,MGQLFSSPKSDENNDLPSSFTGYFKKFNTGRKIISQEILNLIELRMRKGNIQLTNSAISDALKEIDSSVLNVAVTGETGSGKSSFINTLRGIGNEEEGAAKTGVVEVTMERHPYKHPNIPNVVFWDLPGIGSTNFPPDTYLEKMKFYEYDFFIIISATRFKKNDIDIAKAISAMKKEFYFVRTKVDSDITNEADGKPQTFDKEKVLQDIRLNCVNTFRENGIAEPPIFLLSNKNVCHYDFPVLMDKLISDLPIYKRHNFMVSLPNITDSVIEKKRQFLKQRIWLEGFAADLVNIIPSLTFLLDSDLETLKKSMKFYRTVFGVDETSLQRLARDWEIEVDQVEAMIKSPAVFKPTDEETIQERLSRYIQEFCLANGYLLPKNSFLKEIFYLKYYFLDMVTEDAKTLLKEICLKLGRLERPHRD, GDP ,c1nc2c(n1[C@H]3[C@@H]([C@@H]([C@H](O3)CO[P@](=O)(O)OP(=O)(O)O)O)O)N=C(NC2=O)N,14.261797660592693,mt,M173A,KD
2V5V_mt,AKKIGLFYGTQTGKTESVAEIIRDEFGNDVVTLHDVSQAEVTDLNDYQYLIIGCPTKNIGELQSDWEGLYSELDDVDFNGKLVAYFGTGDQIGYADNFQDAIGILEEKISQRGGKTVGYWSTDGYDFNDSKALRNGKFVGLALDEDNQSDLTDDRIKSWVAQLKSEFGL, FMN ,Cc1cc2c(cc1C)N(C3=NC(=O)NC(=O)C3=N2)C[C@@H]([C@@H]([C@@H](COP(=O)(O)O)O)O)O,18.4107304130992,mt,E57K,KD
2FGU_mt,PQITLWKRPLVTIRIGGQLKEALLDTGADDTVLEEMNLPGKWKPKMIGGIGGFIKVRQYDQIPVEICGHKAIGTVLVGPVPVNIIGRNLLTQIGCTLNF, ASN ,Ligand broken in structure,20.627955657142085,mt,S80V,KD
1N92_mt,STAGKVIKCKAAVLWEEKKPFSIEEVEVAPPKAHEVRIKMVATGICRSDDHVVSGTLVTPLPVIAGHEAAGIVESIGEGVTTVRPGDKVIPLFTPQCGKCRVCKHPEGNFCLKNDLSMPRGTMQDGTSRFTCRGKPIHHFLGTSTFSQYTVVDEISVAKIDAASPLEKVCLIGCGFSSGYGSAVKVAKVTQGSTCAVFGLGGVGLSVIMGCKAAGAARIIGVDINKDKFAKAKEVGATECVNPQDYKKPIQEVLTEMSNGGVDFSFEVIGRLDTMVTALSCCQEAYGVSVIVGVPPDSQNLSMNPMLLLSGRTWKGAIFGGFKSKDSVPKLVADFMAKKFALDPLITHVLPFEKINEGFDLLRSGESIRTILTF, NAJ ,c1cc(c[n+](c1)[C@H]2[C@@H]([C@@H]([C@H](O2)COP(=O)([O-])OP(=O)([O-])OC[C@@H]3[C@H]([C@H]([C@@H](O3)n4cnc5c4nc[nH+]c5N)O)O)O)O)C(,11.176453228349015,mt,T178S,Ki
3OKC_mt,MSASRKTLVVTNDFPPRIGGIQSYLRDFIATQDPESIVVFASTQNAEEAHAYDKTLDYEVIRWPRSVMLPTPTTAHAMAEIIREREIDNVWFGAAAPLALMAGTAKQAGASKVIASTHGHEVGWSMLPGSRQSLRKIGTEVDVLTYISQYTLRRFKSAFGSHPTFEHLPSGVDVKRFTPATPEDKSATRKKLGFTDTTPVIACNSRLVPSKGQDSLIKAMPQVIAARPDAQLLIVGSGRYESTLRRLATDVSQNVKFLGRLEYQDMINTLAAADIFAMPARTRGGGLDVEGLGIVYLEAQACGVPVIAGTSGGAPETVTPATGLVVEGSDVDKLSELLIELLDDPIRRAAMGAAGRAHVEAEWSWEIMGERLTNILQSEPRKLAAALEHHHHHH, GDP ,c1nc2c(n1[C@H]3[C@@H]([C@@H]([C@H](O3)CO[P@](=O)(O)OP(=O)(O)O)O)O)N=C(NC2=O)N,10.029050775511474,mt,R210S,KD
1AMW_mt,MASETFEFQAEITQLMSLIINTVYSNKEIFLRELISNASDALDKIRYKSLSDPKQLETEPDLFIRITPKPEQKVLEIRDSGIGMTKAELINNIGTIAKSGTKAFMEALSAGADVSMIGQFGVGFYSLFLVADRVQVISKSNDDEQYIWESNAGGSFTVTLDEVNERIGRGTILRLFLKDDQLEYLEEKRIKEVIKRHSEFVAYPIQLVVTKEVE, ADP ,c1nc(c2c(n1)n(cn2)[C@H]3[C@@H]([C@@H]([C@H](O3)CO[P@](=O)(O)OP(=O)(O)O)O)O)N,10.03816245586273,mt,L93I,KD
2W3A_mt,VGSLNCIVAVSQNMGIGKNGDLPWPPLRNEFRYFKRMTTTSSVEGKQNLVIMGKKTWFSIPEKNRPLKGRINLVLSRELKEPPQGAHFLSRSLDDALKLTEQPELANKVDMVWIVGGSSVYKEAMNHPGHLKLFVTRIMQDFESDTFFPEIDLEKYKLLPEYPGVLSDVQEEKGIKYKFEVYEKND, TOP ,COc1cc(cc(c1OC)OC)Cc2cnc(nc2N)N,15.067274026126558,mt,Q35K,Ki
1ZZT,GPKFPRVKNWELGSITYDTLCAQSQQDGPCTPRRCLGSLMLPRKLQTRPSPGPPPAEQLLSQARDFINQYYSSIKRSGSQAHEERLQEVEAEVASTGTYHLRESELVFGAKQAWRNAPRCVGRIQWGKLQVFDARDCSSAQEMFTYICNHIKYATNRGNLRSAITVFPQRAPGRGDFRIWNSQLVRYAGYRQQDGSVRGDPANVEITELCIQHGWTPGNGRFDVLPLLLQAPDEAPELFVLPPELVLEVPLEHPTLEWFAALGLRWYALPAVSNMLLEIGGLEFSAAPFSGWYMSTEIGTRDLCDPHRYNILEDVAVCMDLDTRTTSSLWKDKAAVEINLAVLHSFQLAKVTIVDHHAATVSFMKHLDNEQKARGGCPADWAWIVPPISGSLTPVFHQEMVNYILSPAFRYQPDPW, DP9 ,C1[C@H](CN[C@@H]1C(=O)N)NC(=O)[C@H](CCCNC(=N)N[N+](=O)[O-])N,13.72020037815995,mt,N368D/V106M,Ki
1IYK_mt,MSGDNTGNKSNSAPSKSIEELLKLLAMGQELSPAQQKEMKDYKFWKTQPVPSLSETVTEEGPIDKLKTPEDVPNDPLPLISDFEWSTLDIDDNLQLDELYKLLYDNYVEDIDATFRFKASHEFFQWALKPPGWRKDWHVGVRVKSTGKLVAFIAATPVTFKLNKSNKVIDSVEINFLCIHKKLRNKRLAPVLIKEITRRVNKQNIWQALYTGGSILPTPLTTCRYQHRPINWSKLHDVGFSHLPPNQTKSSMVASYTLPNNPKLKGLRPMTGKDVSTVLSLLYKYQERFDIVQLFTEEEFKHWMLGHDENSDSNVVKSYVVEDENGVITDYFSYYLLPFTVLDNAQHDELGIAYLFYYASDSFEKPNYKKRLNELITDALITSKKFGVDVFNCLTCQDNTYFLKDCKFGSGDGFLNYYLFNYRTFPMDGGIDKKTKEVVEDQTSGIGVVLL, MIM ,Cc1nccn1CCCCc2ccc(cc2)CC(=O)N[C@@H](CO)C(=O)N[C@@H](CCCCN)C(=O)NCCC3CCCCC3,13.41004544985611,mt,Y119A,Ki
1NJB,MLEQPYLDLAKKVLDEGHFKPDRTHTGTYSIFGHQMRFDLSKGFPLLTTKKVPFGLIKSELLWFLHGDTNIRFLLQHRNHIWDEWAFEKWVKSDEYHGPDMTDFGHRSQKDPEFAAVYHEEMAKFDDRVLHDDAFAAKYGDLGLVYGSQWRAWHTSKGDTIDQLGDVIEQIKTHPYSRRLIVSAWNPEDVPTMALPPCHTLYQFYVNDGKLSLQLYQRSADIFLGVPFCIASYALLTHLVAHECGLEVGEFIHTFGDAHLYVNHLDQIKEQLSRTPRPAPTLQLNPDKHDIFDFDMKDIKLLNYDPYPAIKAPVAV, UMP ,C1[C@@H]([C@H](O[C@H]1N2C=CC(=O)NC2=O)COP(=O)(O)O)O,10.982297213908058,mt,N229C,Km
3C3U_mt,MDSKYQCVKLNDGHFMPVLGFGTYAPAEVPKSKALEATKLAIEAGFRHIDSAHLYNNEEQVGLAIRSKIADGSVKREDIFYTSKLWCNSHRPELVRPALERSLKNLQLDYVDLYLIHFPVSVKPGEEVIPKDENGKILFDTVDLCATWEAVEKCKDAGLAKSIGVSNFNRRQLEMILNKPGLKYKPVCNQVECHPYFNQRKLLDFCKSKDIVLVAYSALGSHREEPWVDPNSPVLLEDPVLCALAKKHKRTPALIALRYQLQRGVVVLAKSYNEQRIRQNVQVFEFQLTSEEMKAIDGLNRNVRYLTLDIAAGPPNYPFSDEY, C2U ,c1c(cc(c(c1C(=O)O)O)Cl)Cl,18.83619618791403,mt,F311A,Ki
3FS6_mt,VGSLNCIVAVSQNMGIGKNGDLPWPPLRNEFRYFQRMTTTSSVEGKQNLVIMGKKTWFSIPEKFRPLKGRINLVLSRELKEPPQGAHFLSRSLDDALKLTEQPELANKVDMVWIVGGSSVYKEAMNHPGHLKLFVTRIMQDFESDTFFPEIDLEKYKLLPEYPGVLSDVQEEKGIKYKFEVYEKND, DH1 ,COc1ccc(cc1Cc2cnc(nc2N)N)OCCCCC(=O)O,19.07460721135903,mt,N64F,Ki
1HNN_mt,MSGADRSPNAGAAPDSAPGQAAVASAYQRFEPRAYLRNNYAPPRGDLCNPNGAGPWKLRCLAQTFATGEVSGRTLIDIGSGPTVYQLLSACSHFEDITMTDFLEVNRQELGRWLQEEPGAFNWSMYSQHACLIEGKGECWQDKERQLRARVKRVLPIDVHQPQPLGAGSPAPLPADALVSAFCLEAVSPDLASFQRALDHITTLLRPGGHLLLIGALEESWYLAGEARLTVVPVSEEEVREALVRSGYKVRDLRTYIMPAHLQTGVDDVKGVFFAWAQKVGL, SKF ,c1cc2c(cc1S(=O)(=O)N)CNCC2,14.293546358907275,mt,V53A,Ki
2HA5,EGREDPQLLVRVRGGQLRGIRLKAPGGPVSAFLGIPFAEPPVGSRRFMPPEPKRPWSGVLDATTFQNVCYQYVDTLYPGFEGTEMWNPNRELSEDCLYLNVWTPYPRPASPTPVLIWIYGGGFYSGAASLDVYDGRFLAQVEGAVLVSMNYRVGTFGFLALPGSREAPGNVGLLDQRLALQWVQENIAAFGGDPMSVTLFGEAAGAASVGMHILSLPSRSLFHRAVLQSGTPNGPWATVSAGEARRRATLLARLVGCPPGGAGGNDTELIACLRTRPAQDLVDHEWHVLPQESIFRFSFVPVVDGDFLSDTPEALINTGDFQDLQVLVGVVKDEGSYFLVYGVPGFSKDNESLISRAQFLAGVRIGVPQASDLAAEAVVLHYTDWLHPEDPTHLRDAMSAVVGDHNVVCPVAQLAGRLAAQGARVYAYIFEHRASTLTWPLWMGVPHGYEIEFIFGLPLDPSLNYTTEERIFAQRLMKYWTNFARTGDPNDPRDSKSPQWPPYTTAAQQYVSLNLKPLEVRRGLRAQTCAFWNRFLPKLLSAT, AT3 ,CC(=O)SCC[N+](C)(C)C,7.385791079925137,mt,S203A,KD
1MAR_mt,ASRLLLNNGAKMPILGLGTWKSPPGQVTEAVKVAIDVGYRHIDCAHVYQNENEVGVAIQEKLREQVVKREELFIVSKLWCTYHEKGLVKGACQKTLSDLKLDYLDLYLIHWPTGFKPGKEFFPLDESGNVVPSDTNILDTWAAMEELVDEGLVKAIGISNFNHLQVEMILNKPGLKYKPAVNQIECHPYLTQEKLIQYCQSKGIVVTAYSPLGSPDRPWAKPEDPSLLEDPRIKAIAAKHNKTTAQVLIRFPMQRNLVVIPKSVTPERIAENFKVFDFELSSQDMTTLLSYNRNWRVCALMSCTSHKDYPFHEEF, ZST ,c1ccc2c(c1)C(=NN(C2=O)Cc3nc4cc(ccc4s3)C(F)(F)F)CC(=O)O,16.603415984315948,mt,L301M,KD
2R5Q_mt,PQITLWKRPLVSIKVGGQIKEALLDTGADDTVIEEIALPGRWKPKMIGGIGGFIKVRQYDQIIIEICGKKAIGTVLVGPTPVNIIGRNMMTQLGCTLNF, 1UN ,Cc1c(cccc1O)C(=O)N[C@@H](CSc2ccccc2)[C@@H](C[N@@]3C[C@H]4CCCC[C@H]4C[C@H]3C(=O)NC(C)(C)C)O,18.08420850733115,mt,N88D/L90M,Ki
1IYK_mt,MSGDNTGNKSNSAPSKSIEELLKLLAMGQELSPAQQKEMKDYKFWKTQPVPSLSETVTEEGPIDKLKTPEDVPNDPLPLISDFEWSTLDIDDNLQLDELYKLLYDNYVEDIDATFRFKYSHEFFQWALKPPGWRKDWHVGVRVKSTGKLVAFIAATPVTFKLNKSNKVIDSVEINFLCIHKKLRNKRLAPVLIKEITRRVNKQNIWQALYTGGSILPTPLTTCRYQHRPINASKLHDVGFSHLPPNQTKSSMVASYTLPNNPKLKGLRPMTGKDVSTVLSLLYKYQERFDIVQLFTEEEFKHWMLGHDENSDSNVVKSYVVEDENGVITDYFSYYLLPFTVLDNAQHDELGIAYLFYYASDSFEKPNYKKRLNELITDALITSKKFGVDVFNCLTCQDNTYFLKDCKFGSGDGFLNYYLFNYRTFPMDGGIDKKTKEVVEDQTSGIGVVLL, MIM ,Cc1nccn1CCCCc2ccc(cc2)CC(=O)N[C@@H](CO)C(=O)N[C@@H](CCCCN)C(=O)NCCC3CCCCC3,13.989863945109052,mt,W232A,Ki
2PDK,ASRILLNNGAKMPILGLGTWKSPPGQVTEAVKVAIDVGYRHIDCAHVYQNENEVGVAIQEKLREQVVKREELFIVSKLWCTYHEKGLVKGACQKTLSDLKLDYLDLYLIHWPTGFKPGKEFFPLDESGNVVPSDTNILDTWAAMEELVDEGLVKAIGISNFNHLQVEMILNKPGLKYKPAVNQIECHPYLTQEKLIQYCQSKGIVVTAYSPLGSPDRPWAKPEDPSLLEDPRIKAIAAKHNKTTAQVLIRFPMQRNLVVIPKSVTPERIAENFKVFDFELSSQDMTTLLSYNRNWRVCALMSCTSHKDYPFHEEF, SBI ,c1cc2c(cc1F)[C@@]3(CCO2)C(=O)NC(=O)N3,15.18987634821889,mt,L301M,KD
1TSL_mt,MLEQPYLDLAKKVLDEGHFKPDRTHTGTYSIFGHQMRFDLSKGFPLLTTKKVPFGLIKSDLLWFLHGDTNIRFLLQHRNHIWDEWAFEKWVKSDEYHGPDMTDFGHRSQKDPEFAAVYHEEMAKFDDRVLHDDAFAAKYGDLGLVYGSQWRAWHTSKGDTIDQLGDVIEQIKTHPYSRRLIVSAWNPEDVPTMALPPCHTLYQFYVNDGKLSLQLYQRSADIFLGVPFNIASYALLTHLVAHECGLEVGEFIHTFGDAHLYVNHLDQIKEQLSRTPRPAPTLQLNPDKHDIFDFDMKDIKLLNYDPYPAIKAPVAV, A15 ,c1cc2cccc3c2c(c1)C(=O)OC3(c4ccc(c(c4)Cl)O)c5ccc(c(c5)Cl)O,12.333906017040059,mt,E60D,Ki
1NJA,MLEQPYLDLAKKVLDEGHFKPDRTHTGTYSIFGHQMRFDLSKGFPLLTTKKVPFGLIKSELLWFLHGDTNIRFLLQHRNHIWDEWAFEKWVKSDEYHGPDMTDFGHRSQKDPEFAAVYHEEMAKFDDRVLHDDAFAAKYGDLGLVYGSQWRAWHTSKGDTIDQLGDVIEQIKTHPYSRRLIVSAWNPEDVPTMALPPCHTLYQFYVNDGKLSLQLYQRSADIFLGVPFCIASYALLTHLVAHECGLEVGEFIHTFGDAHLYVNHLDQIKEQLSRTPRPAPTLQLNPDKHDIFDFDMKDIKLLNYDPYPAIKAPVAV, DCM ,C1[C@@H]([C@H](O[C@H]1N2C=CC(=NC2=O)N)COP(=O)(O)O)O,14.528860445841739,mt,N229C,KD
2QEH_mt,ETVQDCLNKLPPSLKSRLCEIRRYEIIEGPEMDKHIHCVMRALDFVYEDGRGDYHKLYDPLNIIELDKRHDVNLEKCIGECVQVPTSERAHVFYKCLLKSTTGRTFKKVFDLMELKKAGKVPQHQRYTAEFVQIMKDYDKALNC, SRO ,c1cc2c(cc1O)c(c[nH]2)CCN,16.292449038103097,mt,E7L,KD
3NTY_mt,MDSKYQCVKLNDGHFMPVLGFGTYAPAEVPKSKALEATKLAIEAGFRHIDSAHLYNNEEQVGLAIRSKIADGSVKREDIFYTSKLWCNSHRPELVRPALERSLKNLQLDYVDLYLIHFPVSVKPGEEVIPKDENGKILFDTVDLCATWEAVEKCKDAGLAKSIGVSNFNRRQLEMILNKPGLKYKPVCNQVECHPYFNQRKLLDFCKSKDIVLVAYSALGSHREEPWVDPNSPVLLEDPVLCALAKKHKRTPALIALRYQLQRGVVVLAKSYNEQRIRQNVQVFEFQLTSEEMKAIDGLNRNVRYATLDIFAGPPNYPFSDEY, 5P3 ,c1ccc(cc1)c2cc(c(c(c2)Cl)O)C(=O)O,16.474770594897052,mt,L306A,Ki
2QFQ,MESLTLQPIARVDGTINLPGSKSVSNRALLLAALAHGKTVLTNLLDSDDVRHMLNALTALGVSYTLSADRTRCEIIGNGGPLHAEGALELFLGNAGTAMRLLAAALCLGSNDIVLTGEPRMKERPIGHLVDALRLGGAKITYLEQENYPPLRLQGGFTGGNVDVDGSVSSQFLTALLMTAPLAPEDTVIRIKGDLVSKPYIDITLNLMKTFGVEIENQHYQQFVVKGGQSYQSPGTYLVEGDASSASYFLAAAAIKGGTVKVTGIGRNSMQGDIRFADVLEKMGATICWGDDYISCTRGELNAIDMDMNHIPDAAMTIATAALFAKGTTTLRNIYNWRVKETDRLFAMATELRKVGAEVEEGHDYIRITPPEKLNFAEIATYNDHRMAMCFSLVALSDTPVTILDPKCTAKTFPDYFEQLARISQAA, S3P ,C1[C@H]([C@@H]([C@@H](C=C1C(=O)O)OP(=O)(O)O)O)O,9.210340371976182,mt,P101L,Km
1AKW,MPKALIVYGSTTGNTEYTAETIARELADAGYEVDSRDAASVEAGGLFEGFDLVLLGCSTWLDDSIELQDDFIPLFDSLEETGAQGRKVACFGCGDSSYEYFCGAVDAIEEKLKNLGAEIVQDGLRIDGDPRAARDDIVGWAHDVRGAI, FMN ,Cc1cc2c(cc1C)N(C3=NC(=O)NC(=O)C3=N2)C[C@@H]([C@@H]([C@@H](COP(=O)(O)O)O)O)O,19.767754391918974,mt,G61L,KD
3F91,MVGSLNCIVAVSQNMGIGKNGDLPWPPLRNEFRYFSRMTTTSSVEGKQNLVIMGKKTWFSIPEKFRPLKGRINLVLSRELKEPPQGAHFLSRSLDDALKLTEQPELANKVDMVWIVGGSSVYKEAMNHPGHLKLFVTRIMQDFESDTFFPEIDLEKYKLLPEYPGVLSDVQEEKGIKYKFEVYEKND, DH1 ,COc1ccc(cc1Cc2cnc(nc2N)N)OCCCCC(=O)O,18.158316479484874,mt,Q35K/N64F,Ki
1MPW_mt,TTETIQSNANLAPLPPHVPEHLVFDFDMYNPSNLSAGVQEAWAVLQESNVPDLVWTRCNGGHWIATRGQLIREAYEDYRHFSSECPWIPREAGEAFDFIPTSMDPPEQRQFRALANQVVGMPVVDKLENRIQELACSLIESLRPQGQCNFTEDYAEPFPIRIFMLLAGLPEEDIPHLKYLTDQMTRPDGSMTFAEAKEALYDYLIPIIEQRRQKPGTDAISIVANGQVNGRPITSDEAKRMCGALLLGGLDTVVNFLSFSMEFLAKSPEHRQELIERPERIPAACEELLRRFSLVADGRILTSDYEFHGVQLKKGDQILLPQMLSGLDERENAAPMHVDFSRQKVSHTTFGHGSHLCLGQHLARREIIVTLKEWLTRIPDFSIAPGAQIQHKSGIVSGVQALPLVWDPATTKAV, TMH ,CC1=CC[C@@H]2C[C@H]1C2(C)C,15.162584205930884,mt,L247V/L244A,KD
2R5Q_mt,PQITLWKRPLVSIKVGGQIKEALLDTGADDTVIEEIALPGRWKPKMIGGIGGFIKVRQYDQIIIEICGKKAIGTVLVGPTPVNIIGRNMMTQLGCTLNF, 1UN ,Cc1c(cccc1O)C(=O)N[C@@H](CSc2ccccc2)[C@@H](C[N@@]3C[C@H]4CCCC[C@H]4C[C@H]3C(=O)NC(C)(C)C)O,16.995165669679192,mt,D30N/L90M,Ki
1NJE_mt,MLEQPYLDLAKKVLDEGHFKPDRTHTGTYSIFGHQMRFDLSKGFPLLTTKKVPFGLIKSELLWFLHGDTNIRFLLQHRNHIWDEWAFEKWVKSDEYHGPDMTDFGHRSQKDPEFAAVYHEEMAKFDDRVLHDDAFAAKYGDLGLVYGSQWRAWHTSKGDTIDQLGDVIEQIKTHPYSRRLIVSAWNPEDVPTMALPPCHTLYQFYVNDGKLSLQLYQRSADIFLGVPFAIASYALLTHLVAHECGLEVGEFIHTFGDAHLYVNHLDQIKEQLSRTPRPAPTLQLNPDKHDIFDFDMKDIKLLNYDPYPAIKAPVAV, DCM ,C1[C@@H]([C@H](O[C@H]1N2C=CC(=NC2=O)N)COP(=O)(O)O)O,14.837161805496255,mt,N229A,KD
3OKC_mt,MSASRKTLVVTNDFPPRIGGIQSYLRDFIATQDPESIVVFASTQNAEEAHAYDKTLDYEVIRWPRSVMLPTPTTAHAMAEIIREREIDNVWFGAAAPLALMAGTAKQAGASKVIASTHGHEVPWSMLPGSRQSLRKIGTEVDVLTYISQYTLRRFKSAFGSHPTFEHLPSGVDVKRFTPATPEDKSATRKKLGFTDTTPVIACNSRLVPRKGQDSLIKAMPQVIAARPDAQLLIVGSGRYESTLRRLATDVSQNVKFLGRLEYQDMINTLAAADIFAMPARTRGGGLDVEGLGIVYLEAQACGVPVIAGTSGGAPETVTPATGLVVEGSDVDKLSELLIELLDDPIRRAAMGAAGRAHVEAEWSWEIMGERLTNILQSEPRKLAAALEHHHHHH, GDP ,c1nc2c(n1[C@H]3[C@@H]([C@@H]([C@H](O3)CO[P@](=O)(O)OP(=O)(O)O)O)O)N=C(NC2=O)N,10.070723471912041,mt,G123P,KD
1N7I_mt,MSGADRSPNAGAAPDSAPGQAAVASAYQRFEPRAYLRNNYAPPRGDLCNPNGVGPWKLRCLAQTFATGEVSGRTLIDIGSGPTVYQLLSACSHFEDITMTDFLEVNRQELGRWLQEEPGAFNWSMYSQHACLIEGKGECWQDKERQLRARVKRVLPIDVHQPQPLGAGSPAPLPADALVSAFCLEAVSPDLASFQRALDHITTLLRPGGHLLLIGALEASWYLAGEARLTVVPVSEEEVREALVRSGYKVRDLRTYIMPAHLQTGVDDVKGVFFAWAQKVGL, LY1 ,c1cc(c(c2c1CCCNC2)Cl)Cl,12.677677556142884,mt,E219A,Ki
1B74_mt,MKIGIFSSGVGGLTVLKAIRNRYRKVDIVYLGDTARVPYGIRSKDTIIRYSLECAGFLKDKGVDIIVVACNTASAYALERLKKEINVPVFGVIEPGVKEALKKSRNKKIGVIGTPATVKSGAYQRKLEEGGADVFAKACPLFAPLAEEGLLEGEITRKVVEHYLKEFKGKIDTLILGCTHYPLLKKEIKKFLGDAEVVDSSEALSLSLHNFIKDDGSSSLELFFTDLSPNLQFLIKLILGRDYPVKLAEGVFTH, DGN ,C(CC(=O)N)[C@H](C(=O)O)N,7.957577403480815,mt,D7S,Km
1A4H_mt,MASETFEFQAEITQLMSLIINTVYSNKEIFLRELISNASDALDKIRYKSLSDPKQLETEPDLFIRITPKPEQKVLEIRDSGIGMTKAELINLLGTIAKSGTKAFMEALSAGADVSMIGQFGVGFYSLFLVADRVQVISKSNDDEQYIWESNAGGSFTVTLDEVNERIGRGTILRLFLKDDQLEYLEEKRIKEVIKRHSEFVAYPIQLVVTKEVEKEVPIPEEEKKDEEKKDEEKKDEDDKKPKLEEVDEEEEKKPKTKKVKEEVQEIEELNKTKPLWTRNPSDITQEEYNAFYKSISNDWEDPLYVKHFSVEGQLEFRAILFIPKRAPFDLFESKKKKNNIKLYVRRVFITDEAEDLIPEWLSFVKGVVDSEDLPLNLSREMLQQNKIMKVIRKNIVKKLIEAFNEIAEDSEQFEKFYSAFSKNIKLGVHEDTQNRAALAKLLRYNSTKSVDELTSLTDYVTRMPEHQKNIYYITGESLKAVEKSPFLDALKAKNFEVLFLTDPIDEYAFTQLKEFEGKTLVDITKDFELEETDEEKAEREKEIKEYEPLTKALKEILGDQVEKVVVSYKLLDAPAAIRTGQFGWSANMERIMKAQALRDSSMSSYMSSKKTFEISPKSPIIKELKKRVDEGGAQDKTVKDLTKLLYETALLTSGFSLDEPTSFASRINRLISLGLNIDEDEETETAPEASTAAPVEEVPADTEMEEVD, GDM ,C[C@H]1C[C@@H]([C@@H]([C@H](C=C([C@@H]([C@H](C=C/C=C(/C(=O)NC2=CC(=O)C(=C(C1)C2=O)OC)C)OC)OC(=O)N)/C)C)O)OC,12.497762739379494,mt,N92L,KD
3DGO,GSMDYKDDDDKKTNWLKRIYRVRPCVKCKVAPRDWKVKNKHLRIFNMCKTCFNNSIDIGDDTYHGHVDWLMYADSKEISNT, ATP ,c1nc(c2c(n1)n(cn2)[C@H]3[C@@H]([C@@H]([C@H](O3)CO[P@@](=O)(O)O[P@](=O)(O)OP(=O)(O)O)O)O)N,15.5303089860562,mt,Y43F,KD
2W3A_mt,VGSLNCIVAVSQNMGIGKNGDLPWPPLRNEFRYFQRMTTTSSVEGKQNLVIMGKKTWFSIPEKFRPLKGRINLVLSRELKEPPQGAHFLSRSLDDALKLTEQPELANKVDMVWIVGGSSVYKEAMNHPGHLKLFVTRIMQDFESDTFFPEIDLEKYKLLPEYPGVLSDVQEEKGIKYKFEVYEKND, NDP ,c1nc(c2c(n1)n(cn2)[C@H]3[C@@H]([C@@H]([C@H](O3)CO[P@](=O)(O)O[P@@](=O)(O)OC[C@@H]4[C@H]([C@H]([C@@H](O4)N5C=CCC(=C5)C(=O)N)O)O)O,12.09274396022317,mt,Q35S/N64F,Km
2PD9,MASRILLNNGAKMPILGLGTWKSPPGQVTEAVKVAIDVGYRHIDCAHIYQNENEVGVAIQEKLREQVVKREELFIVSKLWCTYHEKGLVKGACQKTLSDLKLDYLDLYLIHWPTGFKPGKEFFPLDESGNVVPSDTNILDTWAAMEELVDEGLVKAIGISNFNHLQVEMILNKPGLKYKPAVNQIECHPYLTQEKLIQYCQSKGIVVTAYSPLGSPDRPWAKPEDPSLLEDPRIKAIAAKHNKTTAQVLIRFPMQRNLVVIPKSVTPERIAENFKVFDFELSSQDMTTLLSYNRNWRVCALLSCTSHKDYPFHEEF, FID ,c1cc2c(cc1F)[C@@]3(C[C@H](O2)C(=O)N)C(=O)NC(=O)N3,18.669142103250866,mt,V47I,KD
2IKI_mt,ASRILLNNGAKMPILGLGTWKSPPGQVTEAVKVAIDVGYRHIDCAHVYQNENEVGVAIQEKLREQVVKREELFIVSKLWCTYHEKGLVKGACQKTLSDLKLDYLDLYLIHWPYGFKPGKEFFPLDESGNVVPSDTNILDTWAAMEELVDEGLVKAIGISNFNHLQVEMILNKPGLKYKPAVNQIECHPYLTQEKLIQYCQSKGIVVTAYSPLGSPDRPWAKPEDPSLLEDPRIKAIAAKHNKTTAQVLIRFPMQRNLVVIPKSVTPERIAENFKVFDFELSSQDMTTLLSYNRNWRVCALLSCTSHKDYPFHEEF, 388 ,c1cc(c(cc1Cl)OCC(=O)O)C(=O)NCc2ccc(cc2F)Br,13.809528486286727,mt,T113Y,KD
2INZ_mt,ASRLLLNNGAKMPILGLGTWKSPPGQVTEAVKVAIDVGYRHIDCAHVYQNENEVGVAIQEKLREQVVKREELFIVSKLWCTYHEKGLVKGACQKTLSDLKLDYLDLYLIHWPTGFKPGKEFFPLDESGNVVPSDTNILDTWAAMEELVDEGLVKAIGISNFNHLQVEMILNKPGLKYKPAVNQIECHPYLTQEKLIQYCQSKGIVVTAYSPLGSPDRPWAKPEDPSLLEDPRIKAIAAKHNKTTAQVLIRFPMQRNLVVIPKSVTPERIAENFKVFDFELSSQDMTTLLSYNRNWRVAALLSCTSHKDYPFHEEF, OHP ,c1ccc(c(c1)CC(=O)O)O,10.919598619692493,mt,C298A,Ki
1MPW_mt,TTETIQSNANLAPLPPHVPEHLVFDFDMYNPSNLSAGVQEAWAVLQESNVPDLVWTRCNGGHWIATRGQLIREAYEDYRHFSSECPWIPREAGEAFDFIPTSMDPPEQRQFRALANQVVGMPVVDKLENRIQELACSLIESLRPQGQCNFTEDYAEPFPIRIFMLLAGLPEEDIPHLKYLTDQMTRPDGSMTFAEAKEALYDYLIPIIEQRRQKPGTDAISIVANGQVNGRPITSDEAKRMCGLLLVGGLDTVVNFLSFSMEFLAKSPEHRQELIERPERIPAACEELLRRFSLVADGRILTSDYEFHGVQLKKGDQILLPQMLSGLDERENAAPMHVDFSRQKVSHTTFGHGSHLCLGQHLARREIIVTLKEWLTRIPDFSIAPGAQIQHKSGIVSGVQALPLVWDPATTKAV, TMH ,CC1=CC[C@@H]2C[C@H]1C2(C)C,16.11809565095832,mt,W87L/L247V,KD
3QGT_mt,MMEQVCDVFDIYAICACCKVESKNEGKKNEVFNNYTFRGLGNKGVLPWKCNSLDMKYFCAVTTYVNESKYEKLKYKRCKYLNKETVDNVNDMPNSKKLQNVVVMGRTTWESIPKKFKPLSNRINVILSRTLKKEDFDEDVYIINKVEDLIVLLGKLNYYKCFIIGGSVVYQEFLEKKLIKKIYFTRINSTYECDVFFPEINENEYQIISVSDVYTSNNTTLDFIIYKKTNNKMLNEQNCIKGEEKNNDMPLKNDDKDTCHMKKLTEFYKNVDKYKINYENDDDDEEEDDFVYFNFNKEKEEKNKNSIHPNDFQIYNSLKYKYHPEYQYLNIIYDIMMNGNKQSDRTGVGVLSKFGYIMKFDLSQYFPLLTTKKLFLRGIIEELLWFIRGETNGNTLLNKNVRIWEANGTREFLDNRKLFHREVNDLGPIYGFQWRHFGAEYTNMYDNYENKGVDQLKNIINLIKNDPTSRRILLCAWNVKDLDQMALPPCHILCQFYVFDGKLSCIMYQRSCDLGLGVPFNIASYSIFTHMIAQVCNLQPAQFIHVLGNAHVYNNHIDSLKIQLNRIPYPFPTLKLNPDIKNIEDFTISDFTIQNYVHHEKISMDMAA, CP6 ,CCc1c(c(nc(n1)N)N)c2ccc(cc2)Cl,21.234091460712403,mt,S108T,Ki
1V11,SSLDDKPQFPGASAEFIDKLEFIQPNVISGIPIYRVMDRQGQIINPSEDPHLPKEKVLKLYKSMTLLNTMDRILYESQRQGRISFYMTNYGEEGTHVGSAAALDNTDLVFGQYREAGVLMYRDYPLELFMAQCYGNISDLGKGRQMPVHYGCKERHFVTISSPLATQIPQAVGAAYAAKRANANRVVICYFGEGAASEGDAHAGFNFAATLECPIIFFCRNNGYAISTPTSEQYRGDGIAARGPGYGIMSIRVDGNDVFAVYNATKEARRRAVAENQPFLIEAMTYAIGHASTSDDSSAYRSVDEVNYWDKQDHPISRLRHYLLSQGWWDEEQEKAWRKQSRRKVMEAFEQAERKPKPNPNLLFSDVYQEMPAQLRKQQESLARHLQTYGEHYPLDHFDK, TDP ,Cc1c(sc[n+]1Cc2cnc(nc2N)C)CCO[P@@](=O)(O)O[P@](=O)(O)[O-],9.163456786077333,mt,R287A,KD
